sourceExiting11,sourceEntering11,s11a,s11m,monitorExiting12,monitorEntering12,s12a,s12m,s12a_enter,s12m_enter,monitorExiting21,monitorEntering21,s21a,s21m,s21a_enter,s21m_enter,sourceExiting22,sourceEntering22,s22a,s22m,wavelengths,freqs
(-0.013675457980120124-0.1446062655735783j),(-0.22598282030041364+3.695621422792789j),2.9862300244935316,0.03923039036362941,(-4.008356751097643-2.640014905255772j),(0.1229174153354315+0.10937004462581187j),2.0921400876029277,1.2963172531177953,-0.9047265052481119,0.04443756020061249,(-4.00972862577766-2.6422017772452087j),(0.13038225300571082+0.12228668962687825j),2.0923408694099925,1.2964308278820216,-0.8785225679944754,0.04826000186492399,(-0.032747200482848876-0.14412811711296925j),(-0.22615643292613918+3.6971008849218703j),2.8570815206823164,0.039903097159694645,1.5,0.6666666666666666
(-0.048071199168010094-0.14295782113271852j),(0.6302952721002604+3.817663689778785j),2.980832856094469,0.03897912457873851,(-4.716681283892906-1.6938717390715057j),(0.15125945649009895+0.08064908269035363j),2.079199585167848,1.295210253045715,-0.9173317621980104,0.044301232270813215,(-4.718613157269809-1.695750267636669j),(0.16210080545811992+0.09190434617742943j),2.079399424236523,1.2953312924866498,-0.8914256651679365,0.04813929744925834,(-0.06725614229427769-0.13743106136698688j),(0.6304587965548478+3.8191897729265976j),2.850077493346654,0.03952734925250326,1.5020408163265306,0.6657608695652174
(-0.08218449347908806-0.13291018062205637j),(1.5256420810183926+3.7358502717454343j),2.9755010252210625,0.03872441479942293,(-5.19189493613332-0.5618175552744529j),(0.17254352136171036+0.04464389319909199j),2.0662959608830236,1.2941097767934682,-0.929900388669384,0.04416591691784357,(-5.194312537704982-0.5632437628544128j),(0.18636622058811247+0.053351087903465835j),2.066494675334965,1.2942382123765444,-0.9042971590249059,0.048019619457740484,(-0.10011986173562136-0.12227524911145321j),(1.5261521086846914+3.7373436120752905j),2.84317427361455,0.03914736080751608,1.5040816326530613,0.6648575305291723
(-0.1139100687307612-0.11456308295829663j),(2.410071617360736+3.43960263481119j),2.970236957392349,0.03846636374267549,(-5.385750595967521+0.6961859383742929j),(0.18490185699279174+0.003176804353628112j),2.053429052712775,1.2930157637920723,-0.9424326781940522,0.044031608212246956,(-5.388542347071342+0.6953367997522559j),(0.2010757995958304+0.008550472891809493j),2.0536264628560814,1.293151520142663,-0.9171374500795937,0.04790095976065211,(-0.12921757956714983-0.09913575919953557j),(2.410918259972768+3.440982704462238j),2.8363758708441913,0.038763275815355575,1.506122448979592,0.6639566395663956
(-0.14118917373227804-0.08855651166250321j),(3.23100937569061+2.930959869414244j),2.965043132463032,0.038205074454090895,(-5.266058913102935+2.0077591297571393j),(0.18695887578153064-0.04145169701144601j),2.0405986993824543,1.2919281538443763,-0.9549289266837495,0.04389829997411343,(-5.269081249667876+2.0075828313449344j),(0.2046469056718342-0.04003289547896812j),2.0407946278583493,1.2920711488672831,-0.9299469392423644,0.047783309752125455,(-0.1525803970477116-0.06902974470831164j),(3.2321636390092117+2.9321497639279674j),2.8296864732110447,0.03837523919419171,1.5081632653061225,0.6630581867388362
(-0.16215092973270953-0.05604979625628778j),(3.936563292818636+2.2251510098908995j),2.9599220885774495,0.03794065038679763,(-4.819851922584018+3.2925597703254876j),(0.17795302852398787-0.08660107566566784j),2.027804740295755,1.2908468870959917,-0.967389432405959,0.04376598575622249,(-4.822937180241904+3.2931149164756914j),(0.19615582391214098-0.08953966925748295j),2.0279990122292277,1.2909970320971929,-0.9427260275488238,0.04766666034132686,(-0.1685318545498744-0.033465465001201115j),(3.9379784354588434+2.2260820479965084j),2.8231104583178914,0.03798339696005251,1.510204081632653,0.6621621621621622
(-0.17524497904888725-0.018663199748650456j),(4.478902129592529+1.3502996755471015j),2.9548764259760527,0.03767319551360728,(-4.0552737518915425+4.467530798599136j),(0.15781871701409378-0.129459590345764j),2.0150470154941615,1.2897719039791073,-0.9798144954762263,0.04363465881932115,(-4.058240138807813+4.468832868607184j),(0.1754341351743287-0.13689740734589026j),2.0152394586481095,1.2899291037940939,-0.9554751154442005,0.047551001936479625,(-0.17581109114715618+0.005645425243231348j),(4.4805161353071155+1.3509155031540512j),2.8166524042353323,0.037587896428613675,1.5122448979591836,0.6612685560053981
(-0.17935539350313395+0.021614595518617923j),(4.817506805000899+0.3462483881423909j),2.9499088101005646,0.03740281446293903,(-3.002005644687331+5.4525686358091905j),(0.1272206624377878-0.16723203850425686j),2.0023253656688182,1.288703145154834,-0.9922044168621649,0.04350431211200212,(-3.004668650333742+5.454586783987214j),(0.1431137611787774-0.17902494184288642j),2.0025158105995833,1.2888672982867393,-0.9681946016274969,0.04743632443424673,(-0.17366899709925182+0.04610637950854843j),(4.819245793442163+0.3465083190362979j),2.8103171004757233,0.03718888644360258,1.5142857142857142,0.6603773584905661
(-0.17388708570365688+0.06254700317192774j),(4.922062351382106-0.7374458578425067j),2.9450219736628935,0.03712961266004385,(-1.7101430967730273+6.176195451674513j),(0.08753670318418054-0.197332777089059j),1.9896396322207137,1.2876405514823108,-1.0045594970470084,0.04337493826517738,(-1.7123275552438069+6.178852397140845j),(0.10061565851111018-0.21304468478517455j),1.9898279124320377,1.2878115502509448,-0.9808848815986357,0.04732261722431222,(-0.1619297757762773+0.08557681678356169j),(4.923844689832472-0.7375644721379111j),2.8041095585425606,0.03678651761757307,1.5163265306122449,0.6594885598923285
(-0.15881796097598855+0.10178972545747698j),(4.774778030423868-1.8442314223571337j),2.9402187176548713,0.036853696452955116,(-0.24756264774743336+6.580807671853962j),(0.040788946388536765-0.21756967589785525j),1.9769896573523116,1.2865840640351551,-1.0168800345947377,0.04324652960575644,(-0.2491146036713278+6.583982784234346j),(0.050081444808289556-0.23648712841744066j),1.977175609444919,1.2867617947359158,-0.9935463461363698,0.047209869213570003,(-0.141012985270908+0.12172508892348144j),(4.776518866492344-1.8447319274020921j),2.7980350219514527,0.0363809425670548,1.5183673469387755,0.6586021505376344
(-0.13471259241416364+0.13704072731920916j),(4.371959463896851-2.9138294738886223j),2.9355019115645433,0.03657517320736136,(1.3040652029694326+6.627096403560694j),(-0.010472786992289467-0.22630509460047588j),1.9643752841673339,1.2855336241709756,-1.0291663248716119,0.04311907818776321,(1.3032676827366414+6.630631853019968j),(-0.005748326046025214-0.24747208246305613j),1.9645587479823785,1.285717967241012,-1.0061793799417675,0.047098068867854656,(-0.1119141849113932+0.1523823437159946j),(4.373575379313999-2.9146958048152243j),2.7920989758875367,0.03597231612659234,1.5204081632653061,0.6577181208053691
(-0.10269608468005434+0.16618930430932796j),(3.7247067530987827-3.885838580188994j),2.9308744932489605,0.03629415136393021,(2.8543523970385967+6.297291918181598j),(-0.06332753888628197-0.2225815332454003j),1.9517963567560315,1.2844891736436899,-1.0414186591105752,0.042992575833936994,(2.85439026087437+6.301001527177535j),(-0.06370133177583351-0.244852732030191j),1.9519771755120856,1.2846800038322257,-1.0187843606165858,0.04698720426405786,(-0.0761455067478267+0.17568601039414072j),(3.7261202420190074-3.8870362836143557j),2.7863071568703166,0.03556079553346663,1.5224489795918368,0.6568364611260054
(-0.06438977494684167+0.1874536067310965j),(2.8586727188832355-4.703438351372238j),2.926339468928382,0.03601074046229947,(4.310006337886756+5.596969401834433j),(-0.11466896602405366-0.20620216457972204j),1.9392527202509868,1.2834506547360507,-1.0536373238930523,0.042867014178113984,(4.3109131068718725+5.600649630425553j),(-0.12037458627712642-0.22831126898189927j),1.939430740675591,1.2836478412763543,-1.0313616580403362,0.04687726314276398,(-0.03564053635469672+0.19020248256167482j),(2.859816219034204-4.704916633400096j),2.780665562865651,0.035146540584394384,1.5244897959183674,0.6559571619812583
(-0.021813257131320953+0.19949686259337326j),(1.8128810078084865-5.316943800918222j),2.9218999136511643,0.03572505114413443,(5.5809660557744705+4.555259949340459j),(-0.16140710344103293-0.17775980503746644j),1.9267442208495653,1.2824180103853466,-1.0658226009814558,0.04274238469952818,(5.58272439551535+4.558702282350663j),(-0.17235526807578433-0.1983984302426697j),1.9269192933071637,1.2826214171672417,-1.0439116340804127,0.04676823295254082,(0.00736943371277158+0.19502024516991412j),(1.8137002561841276-5.318638434502203j),2.7751804642320304,0.03472971377363169,1.526530612244898,0.6550802139037433
(0.022740320182310376+0.20151417055069618j),(0.6376698667262373-5.686970015796731j),2.9175589723362507,0.03543719515140239,(6.5864196768311825+3.2234304745790485j),(-0.200671692284905-0.13861174377534066j),1.9142707058102082,1.2813911842789956,-1.0779747673501106,0.04261867874340033,(6.588961263088871+3.22643437041865j),(-0.21644546734767445-0.15651347406830113j),1.9144426844283404,1.281600670022436,-1.056434642492286,0.04666010088031342,(0.05049863677130218+0.18980703360306142j),(0.6381264087233659-5.688806893301146j),2.7698584156975796,0.03431048042679484,1.5285714285714287,0.6542056074766355
(0.06684683346196614+0.19328396778489904j),(-0.6081111391059155-5.786992217285441j),2.913319861265519,0.035147285334172385,(7.260267676353648+1.6719190267232649j),(-0.2300024739067428-0.09080190838603394j),1.9018320234373163,1.2803701209073577,-1.0900940952112774,0.04249588752721959,(7.263476397784311+1.6743045425406757j),(-0.24987469364752232-0.10482559493222746j),1.902000766232273,1.2805855393389343,-1.0689310288225675,0.04655285386733798,(0.09135909251385094+0.1748274161609976j),(-0.6080383926012172-5.788891305215171j),2.7647062693504503,0.033889008844567296,1.530612244897959,0.6533333333333333
(0.10810160140886771+0.17518092633445023j),(-1.860471930978526-5.605127360105472j),2.9091858697055546,0.0348554356760794,(7.555636728693096-0.013972059277304315j),(-0.24751283742123123-0.03693577168766652j),1.8894280230713703,1.2793547655744635,-1.1021808518629064,0.04237400213687738,(7.559355031242317-0.012352830116443916j),(-0.2704848942320969-0.04614215506953485j),1.8895933920734411,1.2795759656093109,-1.0814011301579998,0.04644647861509069,(0.12771096805662732+0.1509202145284092j),(-1.860786135811044-5.607006803545779j),2.759731188419129,0.033465470466143954,1.5326530612244897,0.6524633821571239
(0.14426719311874406+0.14814987498231308j),(-3.054001530480195-5.145016872880175j),2.9051603612680132,0.03456176133755114,(7.448119790107085-1.7394229956876652j),(-0.25201523706847717+0.019983117919159816j),1.8770585550970642,1.2783450643792775,-1.1142352992642428,0.042253013519939195,(7.452157744800894-1.7386764523942626j),(-0.2768748153051739+0.01626695586996541j),1.8772204164743413,1.2785718903106063,-1.0938452746378355,0.04634096158839385,(0.1576005070473034+0.11943816730504563j),(-3.0546883026920506-5.146797006325722j),2.754940661503735,0.033040040055497384,1.5346938775510204,0.6515957446808511
(0.17340857130004705+0.113643153224004j),(-4.125694461007587-4.425751880985098j),2.9012467746756156,0.03426637870907754,(6.937513357485423-3.4061054329318465j),(-0.24309969174484547+0.07674334100129916j),1.8647234709744356,1.2773409641870914,-1.1262576933533612,0.04213291248416915,(6.941659843468407-3.406289598957219j),(-0.26849361381203546+0.07887634118479211j),1.8648816951533296,1.2775732558845176,-1.1062637807468532,0.04623628902391435,(0.17947619247504795+0.08215495804165293j),(-4.126723145929605-4.427358927557282j),2.750342516917025,0.032612895906151025,1.536734693877551,0.650730411686587
(0.1940066483040401+0.0735263599960832j),(-5.018636010218764-3.4808475938485315j),2.8974486237621098,0.033969405462616904,(6.047934702660151-4.918429453458557j),(-0.2211601971797023+0.13012907143616767j),1.8524226232886856,1.2763424126105962,-1.1382482832149508,0.04201368970743069,(6.0519699542902385-4.919550160854587j),(-0.24567743528059155+0.13812881896401247j),1.8525770850690368,1.2765800057271366,-1.1186569564915911,0.04613244695006893,(0.19227568560204875+0.041146962343182776j),(-5.019961695473802-3.48221687283525j),2.745944936900015,0.0321842200554349,1.5387755102040817,0.649867374005305
(0.2050430973741583+0.029959571862198466j),(-5.6853100855108405-2.356337615455499j),2.893769496745831,0.03367096058853163,(4.826321156152312-6.189591541639354j),(-0.1873677315571682+0.17712254297241528j),1.8401558658069281,1.2753493580141784,-1.1502073102725223,0.04189533576156157,(4.830029836656687-6.191601901479306j),(-0.2096268991488315+0.19066012783586306j),1.8403064444699497,1.2755920842004662,-1.131025098620785,0.046029421220787896,(0.19547846241382097-0.0013413418047402278j),(-5.686876193934478-2.3574161243629654j),2.74175647165114,0.031754198497263665,1.5408163265306123,0.6490066225165563
(0.20605149830073602-0.014737374619527484j),(-6.090321440047778-1.10811708470626j),2.890213055005177,0.033371164409428465,(3.3394306780394833-7.1470064748127955j),(-0.14359240880830462+0.21509156597040727j),1.8279230535267932,1.2743617495446762,-1.1621350076789085,0.04177784114842993,(3.342614617815574-7.149809637863367j),(-0.16232773644483148+0.23350906415545694j),1.828069632934877,1.2746094366681917,-1.1433684920483091,0.04592719756118083,(0.18912173965021822-0.04303851004209463j),(-6.0920627209391505-1.1088653720512633j),2.737786053288894,0.0313230213849557,1.542857142857143,0.6481481481481481
(0.19713241520678507-0.05822610787102173j),(-6.212366089122065+0.20128832901176805j),2.886783031698776,0.03307013856841901,(1.6695688986175454-7.736757073315228j),(-0.09228092845302464+0.24194948378337724j),1.8157240427028973,1.2733795371812666,-1.1740316000360165,0.04166119634280711,(1.672058673896649-7.740212060698411j),(-0.10642086826257227+0.26429882495225626j),1.8158665113912913,1.2736320095482079,-1.1556874095954104,0.04582576161958251,(0.17378001995514286-0.0817839541651899j),(-6.214211822834624+0.20089503443216397j),2.734043010002282,0.03089088322053193,1.5448979591836736,0.6472919418758256
(0.17893259990634097-0.09828791286507167j),(-6.0453363984518935+1.5063156928221144j),2.8834832305736047,0.03276800599636565,(-0.09064540268793171-7.926772909494172j),(-0.03629851689940294+0.25627720219649747j),1.8035586908430674,1.2724026717890977,-1.1858973034836635,0.041545391834851154,(-0.08898078003858381-7.93070308981447j),(-0.04503169106354599+0.28137768486050824j),1.803696942104278,1.2726597503671697,-1.1679821120846332,0.045725099018673575,(0.15051117076397053-0.115653266789392j),(-6.047213638457726+1.5062870851753531j),2.7305370806763727,0.030457983033305908,1.5469387755102042,0.646437994722955
(0.15259098608875044-0.1329499338176705j),(-5.598506538541914+2.74208900555249j),2.8803175252007627,0.03246489086783704,(-1.8441029377588423-7.7085457079979625j),(0.021253164265214855+0.2573998708899848j),1.7914268566740914,1.271431105158902,-1.1977323261059625,0.04143041816537873,(-1.8433488048918882-7.712749329562065j),(0.018429004338534616+0.2839103040730259j),1.7915607886362956,1.2716926078002184,-1.1802528487340174,0.04562519539880999,(0.12077418918355674-0.143063192306811j),(-5.60034323423887+2.7424199885154996j),2.7272784302113613,0.030024524555977643,1.5489795918367348,0.6455862977602107
(0.11965630646143327-0.16059163730831355j),(-4.89580534143774+3.848039866017504j),2.8772898587022016,0.032160918557818434,(-3.495208988201942-7.097297251554707j),(0.07722930022304322+0.2454141939482129j),1.7793284000845784,1.2704647900173662,-1.2095368685228995,0.04131626594954941,(-3.495400695989438-7.101559316835724j),(0.08047838605004351+0.2719146786651807j),1.7794579157852066,1.2707305316817543,-1.1924998577270547,0.0455260364490659,(0.08632553975652668-0.16285023009204344j),(-4.897533211097336+3.8487114440683317j),2.7242776655880867,0.02959071640967559,1.5510204081632653,0.6447368421052632
(0.0819828797790218-0.18002548684574102j),(-3.974242648371686+4.771203057091523j),2.874404243837011,0.03185621560962338,(-4.955663697661106-6.130626508929189j),(0.12863316851152748+0.22116592211474684j),1.7672631820577414,1.2695036800010435,-1.221311124499114,0.04120292588718202,(-4.9567853590322395-6.134731210314141j),(0.137774530476808+0.24624370222136432j),1.7673881895131947,1.2697734729815497,-1.2047233668036452,0.045427607925277703,(0.049102078444974044-0.17431903765942272j),(-3.975799701574967+4.772183733267874j),2.721545852534113,0.029156772308296774,1.5530612244897959,0.6438896189224704
(0.041612274145924104-0.19054782419302602j),(-2.88160791785634+5.468992927548279j),2.8716647631653442,0.031550909720014134,(-6.1496384931278865-4.86576791815124j),(0.17279271101862162+0.18618055570084197j),1.7552310646085076,1.2685477295966852,-1.2330552814189497,0.041090388765503784,(-6.151624810043247-4.869510841927036j),(0.18731479701452997+0.20851419964471704j),1.755351476879223,1.2688213837472788,-1.2169235937319944,0.045329895657971506,(0.011099045239364875-0.1772591335041372j),(-2.8829405575517457+5.470240499045428j),2.7190945324060953,0.02872291129218987,1.5551020408163265,0.6430446194225722
(0.000649103266654381-0.19195816816662803j),(-1.673602725985266+5.911305956975453j),2.8690755689413723,0.031245129741466357,(-7.018024077016888-3.3756845896471614j),(0.20751127196100452+0.14255340693360014j),1.7432319107359777,1.267596894058545,-1.2447695205277,0.04097864545502307,(-7.02076504099153-3.378883937527823j),(0.22660696717760306+0.16098983017058396j),1.743347645986797,1.2678742170272943,-1.229100746574067,0.04523288555594919,(-0.025748573453114598-0.1719306925923283j),(-1.674667389331411+5.912769597923669j),2.7169357388362383,0.02828935799012905,1.5571428571428572,0.6422018348623854
(-0.03886085003633975-0.18454735447325185j),(-0.41059924996851216+6.081843212457757j),2.866640882424428,0.030939005695764233,(-7.521501147492098-1.744292332271777j),(0.23118355517745648+0.0928077175628727j),1.731265584396686,1.2666511293204414,-1.2564540169347762,0.04086768691004349,(-7.52484923069969-1.7467985009980174j),(0.2538028446256369+0.10642718805244811j),1.731376565950385,1.2669319267870818,-1.2412550237392364,0.04513656361207914,(-0.0596737844601954-0.15902230954957972j),(-0.4113635725315166+6.083465737844488j),2.7150820135445444,0.027856342910254777,1.5591836734693878,0.6413612565445026
(-0.07504262013078264-0.16905698858784277j),(0.8457666871652045+5.978599819796902j),2.8643649924261063,0.030632668789445067,(-7.6422753212523915-0.06115836799932266j),(0.24287060500210636+0.039731340146910626j),1.7193319504963063,1.2657103919192012,-1.2681089394513587,0.040757504176405175,(-7.646054630907628-0.06286135887989522j),(0.2677870023960906+0.04789656640492487j),1.7194381068789357,1.265994467837074,-1.2533866138943615,0.04504091591690659,(-0.08916816480505725-0.1395853323967888j),(0.8453231787291047+5.980320033776289j),2.7135464208357187,0.02742410275047598,1.5612244897959184,0.6405228758169934
(-0.1062877085026273-0.14661442953240722j),(2.0359574086764582+5.61352316525906j),2.862252253085446,0.03032625142102426,(-7.384415273083158+1.583960008213801j),(0.2423306730059955-0.013796526580506724j),1.7074308748913538,1.264774638942359,-1.2797344504015487,0.04064808841028959,(-7.3884320392679905+1.5831257177006357j),(0.26821673378155203-0.011409926463250668j),1.707532139868051,1.2650617957830497,-1.2654956958571628,0.04494592868287489,(-0.11305063290857743-0.11495063933010918j),(2.035843054966112+5.615278208962452j),2.712342560364032,0.02699288072007632,1.563265306122449,0.639686684073107
(-0.13132843866737035-0.11864886024909872j),(3.105651283698301+5.011393522434461j),2.86030708103959,0.030019887172443242,(-6.772830332448939+3.1063769856547365j),(0.2300059574424916-0.06497693421466551j),1.695562224388779,1.2638438280045878,-1.291330705562631,0.04053943090727309,(-6.776884043595526+3.1064302995050057j),(0.25551274630815957-0.06836994067917365j),1.6956585369894321,1.264133867003078,-1.2775824386129193,0.044851588278446736,(-0.13051160096329786-0.08663448269884336j),(3.1058624710193876+5.013121148995374j),2.7114845778864263,0.026562926864443028,1.5653061224489797,0.6388526727509778
(-0.14928778203580192-0.08679486310216046j),(4.008442253647793+4.2080267596755085j),2.858533952268557,0.029713710782180013,(-5.851013595677566+4.431210588955751j),(0.20696816193498177-0.1112501946846876j),1.683725866731783,1.262917917248338,-1.3028978543640657,0.04043152313759055,(-5.85490808771682+4.432124390898705j),(0.23080347359500877-0.1201098457852536j),1.683817171266769,1.2632106386463549,-1.2896470015701862,0.044757881268030354,(-0.14113157983706465-0.05624024370941623j),(4.008963975295826+4.209667476048485j),2.7109871738015014,0.02613449838876226,1.5673469387755103,0.6380208333333333
(-0.15970324101391045-0.05279028061679343j),(4.70798082235425+3.2479359406928867j),2.8569373989158855,0.029407858103113457,(-4.677752902498905+5.497308212910163j),(0.17482841001152186-0.15043280215931407j),1.671921670564236,1.2619968653566478,-1.3144360404047586,0.040324356781412954,(-4.681306744962143+5.499012545726311j),(0.19582883365619622-0.16416025436973256j),1.6720079166311754,1.2622920686424484,-1.3016895351067483,0.044664794451484524,(-0.14487510161151437-0.02536265685875841j),(4.708787582013634+3.2494349660425224j),2.7108656092681422,0.02570785998127031,1.569387755102041,0.6371911573472041
(-0.1625251543713266-0.018375015096329467j),(5.17945785634531+2.1816149802046j),2.8555220063050974,0.02910246605304813,(-3.3230700560647812+6.260155955339636j),(0.13561910839626437-0.18082475719998728j),1.6601495053726192,1.261080631562568,-1.3259454022637491,0.04021792375753688,(-3.3261256558956322+6.2625434706814955j),(0.15281164373876557-0.19857942888397892j),1.6602306478555242,1.2613781157061876,-1.3137101813799232,0.04457231489658385,(-0.14206240257976596+0.004499660221914311j),(5.180514871095379+2.1829239787977732j),2.7111357095741164,0.025283284141311417,1.5714285714285714,0.6363636363636364
(-0.1580914042797039+0.014803145320527272j),(5.410378042260352+1.0626219311044558j),2.854292410212399,0.028797672568390366,(-1.863685368262933+6.693641100036031j),(0.09165676090017383-0.20128217150265934j),1.6484092414114127,1.26016917564096,-1.3374260744977744,0.040112216240351474,(-1.8661163220473829+6.696574345907651j),(0.1043065753309622-0.2220385093060135j),1.6484852404736152,1.2604687393249632,-1.325709075302394,0.04448042995934246,(-0.13332257400066444+0.032018604715131634j),(5.411642701370696+1.0637004838982904j),2.7118138641962832,0.024861051520254793,1.573469387755102,0.6355382619974059
(-0.14708185428464104+0.045270515474070905j),(5.400616067044863-0.05535826768983374j),2.853253294260805,0.02849361657073175,(-0.37831870609017176+6.79062006029884j),(0.045395438372315904-0.21125261935064074j),1.636700749623397,1.2592624578741152,-1.3488781886650072,0.04000722666294207,(-0.38003506444926466+6.793940085967742j),(0.05303742440006576-0.23386537087949122j),1.6367715706952402,1.2595638997207415,-1.337686345535711,0.04438912729009629,(-0.11953277530253203+0.056094450795143996j),(5.40203960102705-0.05454148366280328j),2.712917022682604,0.024441451283243657,1.5755102040816327,0.6347150259067358
(-0.13045686113560837+0.07179335316432701j),(5.161792418609269-1.121301035971481j),2.852409387124244,0.028190437952793225,(1.0568698223147583+6.562325097044893j),(-0.0007193933909559357-0.2107732922841466j),1.6250239015685812,1.2583604389911647,-1.3603018742084676,0.039902947707704355,(1.0559185685856474+6.565860806046846j),(0.0017335700243890887-0.23404682592477752j),1.6250895153301887,1.2586635577870957,-1.3496421153507878,0.044298394826785666,(-0.1017485862357889+0.07589513162774866j),(5.163321730350846-1.1207673869630534j),2.7144626851512097,0.02402478149687959,1.5775510204081633,0.6338939197930142
(-0.10938484039362738+0.09342494047934723j),(4.716044422716246-2.0893282855378406j),2.851765459128304,0.027888277584679474,(2.3724245004364066+6.036716577302245j),(-0.04438764644921924-0.200434423459787j),1.6133785693739744,1.2574630800900308,-1.3716972590694714,0.03979937228907304,(2.3722487546344997+6.040294248881188j),(-0.04702415264899737-0.22319161379612282j),1.6134389517326697,1.257767675009975,-1.3615765032379148,0.04420822078008823,(-0.08113065622575999+0.09087631649857979j),(4.717624028844672-2.089088661040618j),2.716468885905943,0.023611349542530573,1.579591836734694,0.6330749354005167
(-0.08516411683770653+0.10953270094758744j),(4.09429955179734-2.9207699709640362j),2.8513263178303205,0.02758727733576765,(3.5090936830632935+5.2559488028581445j),(-0.08357416607431384-0.18131252168011544j),1.6017646257113565,1.2565703425571126,-1.3830644699756822,0.039696493534818904,(3.509665298461278+5.2594012285459595j),(-0.09093923273638627-0.20245899873590445j),1.6018197577727376,1.2568762133867435,-1.3734896232177214,0.04411859361696361,(-0.058872526420901336+0.10078297533195789j),(4.095873577989216-2.9208246202710586j),2.7189541684466203,0.02320147254863287,1.5816326530612246,0.632258064516129
(-0.05914417538559893+0.11980550024186463j),(3.3341806348641696-3.5857110289649143j),2.8510968022648435,0.027287580103091257,(4.420511348007812+4.273163114292929j),(-0.11660490831855079-0.15487957270106034j),1.5901819438031906,1.2556821880021416,-1.3944036324410534,0.039594304772470286,(4.421767181430557+4.276337854989354j),(-0.12810978615497387-0.17345967652854638j),1.5902318118346503,1.2559891353600694,-1.3853815848875428,0.04402950204912622,(-0.03613391208884021+0.10563425270809824j),(3.3356948042392482-3.5860497627155894j),2.7219375500492835,0.022795477829445177,1.5836734693877552,0.6314432989690721
(-0.03265099026135369+0.1242424927976764j),(2.477685548058326-4.063970336351078j),2.85108177571504,0.026989329835217273,(5.074951869374973+3.1488500539946918j),(-0.14223552283051652-0.12289545034489663j),1.5786303974496783,1.254798578223145,-1.405714870594178,0.03949279952558513,(5.076799005992914+3.151616407692928j),(-0.15710839391895165-0.13813698430643687j),1.5786749928353259,1.2551064037806485,-1.3972524933092554,0.04394093503127,(-0.013982915965414983+0.10569435538908908j),(2.479089097919719-4.064573091720846j),2.72543847407548,0.022393703313639542,1.5857142857142859,0.6306306306306306
(-0.0069204116241546815+0.1231258840147521j),(1.5687871673956906-4.345495586155067j),2.851286117078313,0.026692671541917623,(5.456116270751907+1.9470322716601967j),(-0.15969019565045106-0.08729130002061643j),1.5671098610648049,1.2539194752092617,-1.4169983070016892,0.03939197152139578,(5.458438518368564+1.9492866455119289j),(-0.17702880197241241-0.09863707040388058j),1.5671491802513462,1.254227981905897,-1.409102448889022,0.04385288177050842,(0.006650318615475545+0.10143275604552021j),(1.570034627343859-4.346333342554711j),2.7294767482272255,0.021996497944815036,1.5877551020408165,0.6298200514138816
(0.016957296165770838+0.11698073082213989j),(0.6510933733712909-4.430193424341426j),2.8517147110558403,0.026397751283919402,(5.562972711098233+0.7315123454102407j),(-0.16867065375635998-0.05005162346423868j),1.555620209707503,1.2530448411802158,-1.428254062655916,0.0392918147076697,(5.565637916838615+0.7331818401666726j),(-0.18749911515042672-0.05717671844151389j),1.5556542541413898,1.2533538334331715,-1.4209315474003013,0.04376533174492314,(0.025007027025656582+0.09347732134379902j),(0.6521461381456457-4.431229443049025j),2.7340724670124925,0.021604222037287988,1.5897959183673471,0.6290115532734274
(0.03807966280743042+0.10652537831090339j),(-0.23430716889150413-4.327245690998939j),2.852372437487824,0.02610471614263986,(5.4087318146706895-0.43759328554884913j),(-0.16933711770615376-0.013102255223767982j),1.5441613190963457,1.2521746386518282,-1.4394822572457995,0.0391923232733365,(5.411599541904298-0.43654915352979606j),(-0.18866326156645433-0.01591698155457292j),1.5441900951532939,1.252483922557263,-1.4327398802564275,0.0436782747257436,(0.040519827861385964+0.08256399784150592j),(-0.23347953485694134-4.328437037815738j),2.739245916694604,0.021217247573583762,1.5918367346938775,0.6282051282051282
(0.0557598865517669+0.09261632499056122j),(-1.0507083114744542-4.053988495498322j),2.8532641601130444,0.025813714175623493,(5.019085294069748-1.50684865375507j),(-0.16226459687045053+0.021789540818235458j),1.5327330656019844,1.25130883051076,-1.450683009751962,0.0390934916658213,(5.02201441107664-1.5064380552549146j),(-0.18113435211683904+0.02315024506729475j),1.5327565845104776,1.2516182140361434,-1.444527535067341,0.0435917007961019,(0.052819736993040406+0.06948646651777875j),(-1.05012709339607-4.0552877913312955j),2.7450174608892355,0.0208359584337923,1.5938775510204082,0.6274007682458387
(0.0695402739342517+0.07619124190182026j),(-1.767278909515098-3.634449965630851j),2.8543947148951516,0.02552489436716727,(4.429871755201146-2.4318799038635586j),(-0.1483791693736167+0.053097909834265225j),1.5213353262190126,1.2504473800797586,-1.461856439301361,0.03899531459802255,(4.4327275262736565-2.432080485316078j),(-0.16592501340158436+0.05829698960303763j),1.5213536039795656,1.2507566732473046,-1.4562945964212077,0.04350560035934828,(0.06173138448145206+0.055048752908415696j),(-1.7669556298670883-3.6358072970446855j),2.751407404780753,0.020460750548972114,1.5959183673469388,0.6265984654731458
(0.07919202048002548+0.058213575466797896j),(-2.36013250881862-3.097654234213026j),2.8557688978315636,0.02523840658495818,(3.68435532382861-3.179053217363409j),(-0.12887972492470737+0.07960072283822434j),1.5099679785264593,1.2495902511582053,-1.4730026661360005,0.03889778704016469,(3.6870156536377343-3.179815351260819j),(-0.14436076856839755+0.08813123561977211j),1.509981035828098,1.249899266220444,-1.4680411467588594,0.04341996413215694,(0.06725821805881538+0.04002321042238286j),(-2.360068712776441-3.0990191456623455j),2.7584358356505105,0.020092031970618277,1.5979591836734695,0.6257982120051085
(0.08470283613702174+0.03962168657711266j),(-2.8129508558943352-2.4758034884193054j),2.857391451922329,0.02495440155118595,(2.8303105807777453-3.726409369479033j),(-0.10515105568548183+0.1004194902335777j),1.4986309006511516,1.2487374080304514,-1.4841218124959858,0.03880090419533936,(2.8326711384630836-3.7276605780650973j),(-0.11798305458906043+0.11164391564708379j),1.4986387627858924,1.2490459596396593,-1.4797672671617919,0.043334783121305565,(0.06955987036495816+0.025115638754234466j),(-2.813138306574758-2.477126971138085j),2.7661224371506474,0.019730222844360868,1.6,0.625
