400_500_across,,500_500_thru,,500_500_across,
X,Y,X,Y,X,Y
0.0304078543407833,-43.0420685603023,,,2.0280519785093,-21.1156381477653
0.0304078543407833,-43.3717893183855,,,2.18171691113765,-20.6210570106404
0.0304078543407833,-43.7015100764688,4.87085323213372,-0.0959398199573709,2.48904677639434,-19.3846041678282
0.0304078543407833,-44.0312308345521,5.17818309739042,-0.0959398199573709,2.64271170902268,-18.9724532202241
0.0304078543407833,-44.3609515926353,5.40868049633294,-0.0959398199573709,2.79637664165103,-18.4778720830992
0.0304078543407833,-44.6906723507186,5.94650776053215,-0.0959398199573709,2.95004157427938,-18.0657211354952
0.0304078543407833,-45.0203931088018,6.25383762578885,-0.0959398199573709,3.41103637216442,-16.8292682926829
0.0304078543407833,-45.3501138668851,7.32949215418728,-0.260800198999002,3.56470130479277,-16.4171173450789
0.0304078543407833,-45.6798346249684,7.63682201944397,-0.260800198999002,3.71836623742112,-16.0873965869956
0.0304078543407833,-46.0095553830516,8.7124765478424,-0.425660578040633,4.17936103530616,-15.0982343127458
0.0304078543407833,-46.3392761411349,9.0198064130991,-0.425660578040633,4.33302596793451,-14.7685135546625
0.0304078543407833,-46.6689968992182,9.94179600886918,-0.590520957082264,4.48669090056285,-14.4387927965793
0.0304078543407833,-46.9987176573014,10.1722934078117,-0.590520957082264,5.02451816476207,-13.5320607118503
0.0304078543407833,-47.3284384153847,10.5564557393826,-0.755381336123895,5.25501556370459,-13.1199097642462
0.0304078543407833,-47.6581591734679,11.4784453351527,-0.920241715165526,6.1001726931605,-11.883456921434
0.0304078543407833,-47.9878799315512,11.7857752004093,-0.920241715165526,6.33067009210302,-11.6361663528715
0.0304078543407833,-48.3176006896345,12.0162725993519,-0.920241715165526,7.17582722155893,-10.5645738891009
0.0304078543407833,-48.6473214477177,12.5540998635511,-1.08510209420716,7.48315708681562,-10.2348531310177
0.0304078543407833,-48.977042205801,12.7845972624936,-1.08510209420716,8.55881161521405,-9.08083047772627
0.0304078543407833,-49.3067629638843,13.1687595940645,-1.24996247324879,8.86614148047075,-8.751109719643
0.0304078543407833,-49.6364837219675,13.9370842572062,-1.41482285229042,10.0954609414975,-7.76194744539322
0.0304078543407833,-49.9662044800508,14.2444141224629,-1.41482285229042,10.3259583404401,-7.51465687683077
0.0304078543407833,-50.295925238134,14.6285764540338,-1.57968323133205,11.3247804025243,-6.77278517114343
0.0304078543407833,-50.6256459962173,15.3200686508613,-1.74454361037368,11.632110267781,-6.6079247921018
0.0304078543407833,-50.9553667543006,15.5505660498039,-1.74454361037368,12.4772673972369,-6.03091346545609
0.0304078543407833,-51.2850875123838,15.8578959150606,-1.90940398941531,12.8614297288078,-5.78362289689364
0.0304078543407833,-51.6148082704671,16.5493881118881,-2.07426436845694,13.0919271277503,-5.70119270737283
0.0304078543407833,-51.9445290285504,16.8567179771448,-2.15669455797776,13.860251790892,-5.20661157024794
0.0304078543407833,-52.2742497866336,17.1640478424015,-2.23912474749857,14.1675816561487,-5.0417511912063
0.0304078543407833,-52.6039705447169,17.9323725055432,-2.48641531606102,15.0895712519188,-4.54717005408141
0.0304078543407833,-52.9336913028001,18.2397023707999,-2.56884550558184,15.4737335834897,-4.38230967503978
0.0304078543407833,-53.2634120608834,18.4701997697425,-2.73370588462347,15.7042309824322,-4.21744929599815
0.0304078543407833,-53.5931328189667,19.16169196657,-2.8985662636651,16.5493881118881,-3.88772853791489
0.0304078543407833,-53.9228535770499,19.4690218318267,-3.02221154794632,16.933550443459,-3.72286815887325
0.0304078543407833,-54.2525743351332,19.7763516970834,-3.14585683222755,17.7018751066007,-3.39314740078999
0.0304078543407833,-54.5822950932164,20.5446763602251,-3.39314740078999,18.1628699044858,-3.22828702174836
0.0304078543407833,-54.9120158512997,20.8520062254818,-3.55800777983162,19.4690218318267,-2.73370588462347
0.0304078543407833,-55.241736609383,21.0825036244244,-3.72286815887325,20.5446763602251,-2.40398512654021
0.0304078543407833,-55.5714573674662,21.9276607538803,-4.05258891695652,21.0056711581102,-2.23912474749857
0.0304078543407833,-55.9011781255495,22.234990619137,-4.13501910647733,21.6971633549377,-2.07426436845694
0.0304078543407833,-56.2308988836328,22.4654880180795,-4.21744929599815,22.0813256865086,-1.90940398941531
0.0304078543407833,-56.560619641716,23.156980214907,-4.62960024360223,22.3118230854511,-1.90940398941531
0.0304078543407833,-56.8903403997993,23.4643100801637,-4.75324552788345,23.3106451475354,-1.57968323133205
0.18407278696913,-37.4368156728868,23.6948074791063,-4.87689081216467,23.5411425464779,-1.57968323133205
0.18407278696913,-37.7665364309701,24.5399646085622,-5.33025685452916,24.3094672096196,-1.41482285229042
0.18407278696913,-38.0962571890533,24.8472944738189,-5.5363323283312,24.6936295411905,-1.24996247324879
0.18407278696913,-38.4259779471366,25.0777918727614,-5.70119270737283,24.924126940133,-1.24996247324879
0.18407278696913,-38.7556987052199,25.769284069589,-6.0721285602165,25.769284069589,-1.08510209420716
0.18407278696913,-39.0854194633031,26.0766139348456,-6.27820403401854,26.3071113337882,-0.920241715165526
0.18407278696913,-39.4151402213864,26.3071113337882,-6.36063422353935,27.1522684632441,-0.755381336123895
0.18407278696913,-39.7448609794697,27.1522684632441,-7.02007573970588,27.4595983285008,-0.755381336123895
0.18407278696913,-40.0745817375529,27.4595983285008,-7.26736630826832,27.6900957274433,-0.755381336123895
0.18407278696913,-40.4043024956362,27.6900957274433,-7.34979649778914,28.3815879242708,-0.590520957082264
0.18407278696913,-40.7340232537194,28.5352528568992,-8.09166820347648,28.6120853232134,-0.590520957082264
0.18407278696913,-40.9813138222819,28.8425827221559,-8.38017386679933,29.764572317926,-0.425660578040633
0.337737719597477,-33.9747477130126,29.764572317926,-9.2456908567679,29.9950697168685,-0.425660578040633
0.337737719597477,-34.3044684710958,30.0719021831827,-9.57541161485116,30.9938917789528,-0.260800198999002
0.337737719597477,-34.6341892291791,31.1475567115811,-10.7294342681426,31.3012216442095,-0.260800198999002
0.337737719597477,-34.9639099872624,31.4548865768378,-11.0591550262258,32.8378709704929,-0.0959398199573709
0.337737719597477,-35.2936307453456,32.1463787736654,-11.9658871109548,33.0683683694354,-0.0959398199573709
0.337737719597477,-35.6233515034289,32.3000437062937,-12.2131776795173,43.2870863892205,-0.0959398199573709
0.337737719597477,-35.9530722615121,32.4537086389221,-12.4604682480797,43.5175837881631,-0.0959398199573709
0.337737719597477,-36.2003628300746,32.6842060378646,-12.7489739114026,44.2090759849906,-0.0959398199573709
0.491402652225824,-31.5018420273881,33.298865768378,-13.7793512804128,44.4395733839331,-0.0959398199573709
0.491402652225824,-31.8315627854714,33.5293631673205,-14.1915022280168,45.5920603786457,-0.260800198999002
0.491402652225824,-32.1612835435546,33.9903579652055,-15.0982343127458,45.8993902439024,-0.260800198999002
0.491402652225824,-32.4910043016379,34.1440228978339,-15.3455248813082,46.9750447723009,-0.425660578040633
0.491402652225824,-32.8207250597211,34.2976878304622,-15.6752456393915,47.2823746375576,-0.425660578040633
0.491402652225824,-33.0680156282836,34.7586826283473,-16.8292682926829,48.2043642333276,-0.590520957082264
0.645067584854171,-29.6883778579302,34.9123475609756,-17.1589890507662,48.4348616322702,-0.590520957082264
0.645067584854171,-30.0180986160134,35.066012493604,-17.4062796193286,48.8958564301552,-0.755381336123895
0.645067584854171,-30.3478193740967,35.3733423588607,-18.5603022726201,49.8946784922395,-0.920241715165526
0.645067584854171,-30.6775401321799,35.527007291489,-18.8075928411825,50.125175891182,-0.920241715165526
0.798732517482518,-28.0397740675138,35.527007291489,-19.0548834097449,50.8166680880095,-1.08510209420716
0.798732517482518,-28.3694948255971,35.6806722241173,-19.3021739783074,51.0471654869521,-1.08510209420716
0.798732517482518,-28.6992155836804,35.988002089374,-20.6210570106404,51.5081602848371,-1.24996247324879
0.798732517482518,-28.9465061522428,36.1416670220024,-21.1156381477653,52.353317414293,-1.41482285229042
0.952397450110865,-26.8857514142224,36.1416670220024,-21.3629287163278,52.5838148132355,-1.41482285229042
0.952397450110865,-27.2154721723057,36.2953319546307,-21.6102192848902,53.7363018079481,-1.74454361037368
0.952397450110865,-27.4627627408681,36.2953319546307,-21.8575098534527,54.8119563363466,-2.07426436845694
1.10606238273921,-25.731728760931,36.6026618198874,-23.2588230753065,55.0424537352891,-2.07426436845694
1.10606238273921,-26.0614495190143,36.6026618198874,-23.506113643869,55.3497836005458,-2.23912474749857
1.10606238273921,-26.3087400875767,36.7563267525158,-23.8358344019522,56.1181082636875,-2.40398512654021
1.25972731536756,-24.9074268657229,36.9099916851441,-24.7425664866812,56.5022705952584,-2.56884550558184
1.25972731536756,-25.2371476238061,37.2173215504008,-26.8857514142224,57.8852549889135,-3.06342664270673
1.41339224799591,-24.0831249705147,37.2173215504008,-27.2154721723057,58.8072445846836,-3.39314740078999
1.41339224799591,-24.3304155390771,37.2173215504008,-27.4627627408681,59.1914069162545,-3.55800777983162
1.56705718062425,-23.4236834543482,37.3709864830292,-28.864075962722,60.3438939109671,-4.05258891695652
1.56705718062425,-23.6709740229106,37.3709864830292,-29.1937967208053,61.3427159730513,-4.54717005408141
1.7207221132526,-22.7642419381816,37.5246514156575,-30.5126797531383,61.650045838308,-4.71203043312304
1.7207221132526,-23.0115325067441,37.5246514156575,-30.8424005112216,61.9573757035647,-4.87689081216467
1.87438704588095,-22.2696608010568,37.5246514156575,-31.089691079784,62.8793652993348,-5.37147194928957
2.0280519785093,-21.7750796639319,37.6783163482859,-32.6558646806795,63.1866951645915,-5.5363323283312
2.18171691113765,-21.3629287163278,37.6783163482859,-32.9855854387628,64.0318522940474,-6.03091346545609
2.33538184376599,-21.0332079582445,37.6783163482859,-33.315306196846,64.2623496929899,-6.19577384449772
2.48904677639434,-20.7034872001613,37.8319812809142,-34.7990496082207,64.5696795582466,-6.36063422353935
2.87320910796521,-20.1264758735156,37.8319812809142,-35.128770366304,65.5685016203309,-7.10250592922669
3.25737143953608,-19.8791853049531,37.8319812809142,-35.4584911243872,66.7209886150435,-8.00923801395566
3.79519870373529,-19.8791853049531,37.9856462135426,-37.4368156728868,67.1819834129285,-8.33895877203893
4.10252856899199,-20.1264758735156,37.9856462135426,-38.9205590842615,68.4113028739553,-9.49298142533034
4.33302596793451,-20.373766442078,37.9856462135426,-39.2502798423448,69.6406223349821,-10.976724836705
4.56352336687703,-20.7859173896821,37.9856462135426,-39.580000600428,70.485779464438,-12.0483173004756
4.79402076581955,-21.280498526807,37.9856462135426,-41.0637440118027,70.7162768633805,-12.2956078690381
4.9476856984479,-21.692649474411,38.2929760787992,-59.3632460854238,70.8699417960089,-12.6253286271213
5.10135063107624,-22.1048004220151,38.2929760787992,-59.692966843507,,
5.25501556370459,-22.59938155914,38.4466410114276,-40.2394421165945,,
5.25501556370459,-22.8466721277025,38.4466410114276,-40.5691628746778,,
5.40868049633294,-23.2588230753065,38.4466410114276,-40.8988836327611,,
5.56234542896128,-23.9182645914731,38.6003059440559,-36.1179326405538,,
5.71601036158963,-24.5777061076396,38.6003059440559,-36.447653398637,,
5.71601036158963,-24.9074268657229,38.6003059440559,-36.6949439671995,,
5.86967529421798,-25.5668683818894,38.6003059440559,-38.0962571890533,,
5.86967529421798,-25.8965891399726,38.6003059440559,-38.3435477576158,,
6.02334022684633,-26.5560306561392,38.7539708766843,-32.8207250597211,,
6.02334022684633,-26.8857514142224,38.7539708766843,-34.3044684710958,,
6.02334022684633,-27.1330419827849,38.7539708766843,-34.6341892291791,,
6.17700515947467,-27.7100533094306,38.9076358093126,-30.6775401321799,,
6.17700515947467,-28.0397740675138,38.9076358093126,-32.0788533540338,,
6.17700515947467,-28.3694948255971,39.061300741941,-30.1005288055342,,
6.33067009210302,-29.1937967208053,39.2149656745693,-28.0397740675138,,
6.33067009210302,-29.5235174788885,39.2149656745693,-28.3694948255971,,
6.33067009210302,-29.8532382369718,39.3686306071977,-26.3911702770975,,
6.33067009210302,-30.1005288055342,39.3686306071977,-26.63846084566,,
6.48433502473137,-31.0072608902632,39.522295539826,-25.731728760931,,
6.48433502473137,-31.3369816483465,39.522295539826,-25.9790193294935,,
6.48433502473137,-31.6667024064297,39.6759604724544,-24.3304155390771,,
6.48433502473137,-31.996423164513,39.8296254050827,-23.7534042124314,,
6.48433502473137,-32.2437137330754,39.8296254050827,-24.0006947809939,,
6.63799995735971,-33.315306196846,40.1369552703394,-21.9399400429735,,
6.63799995735971,-33.6450269549293,40.1369552703394,-22.2696608010568,,
6.63799995735971,-33.9747477130126,40.2906202029678,-21.4453589058486,,
6.63799995735971,-34.3044684710958,40.2906202029678,-21.692649474411,,
6.63799995735971,-34.6341892291791,40.5979500682245,-20.1264758735156,,
6.63799995735971,-34.9639099872624,40.7516150008528,-19.6318947363907,,
6.79166488998806,-36.2827930195954,40.7516150008528,-19.8791853049531,,
6.79166488998806,-36.6125137776787,40.9052799334812,-19.1373135992658,,
6.79166488998806,-36.9422345357619,40.9052799334812,-19.3846041678282,,
6.79166488998806,-37.2719552938452,41.0589448661095,-18.8075928411825,,
6.79166488998806,-37.6016760519284,41.5199396639945,-17.3238494298078,,
6.79166488998806,-37.9313968100117,41.5199396639945,-17.5711399983703,,
6.79166488998806,-38.261117568095,41.6736045966229,-16.9941286717246,,
6.79166488998806,-38.5908383261782,41.8272695292512,-16.6644079136413,,
6.79166488998806,-38.9205590842615,42.2882643271363,-15.5103852603499,,
6.94532982261641,-40.7340232537194,42.4419292597646,-15.1806645022666,,
6.94532982261641,-41.0637440118027,42.595594192393,-14.9333739337042,,
6.94532982261641,-41.393464769886,43.056588990278,-14.0266418489752,,
6.94532982261641,-41.7231855279692,43.2102539229064,-13.7793512804128,,
6.94532982261641,-42.0529062860525,43.3639188555347,-13.5320607118503,,
6.94532982261641,-42.3826270441357,43.9785785860481,-12.5428984376005,,
6.94532982261641,-42.712347802219,44.2090759849906,-12.2131776795173,,
6.94532982261641,-43.0420685603023,45.1310655807607,-10.976724836705,,
6.94532982261641,-43.3717893183855,45.3615629797032,-10.7294342681426,,
6.94532982261641,-43.7015100764688,45.5152279123316,-10.4821436995801,,
6.94532982261641,-44.0312308345521,46.5140499744158,-9.41055123580953,,
6.94532982261641,-44.3609515926353,46.8213798396725,-9.12204557248667,,
6.94532982261641,-44.6906723507186,47.051877238615,-8.99840028820545,,
6.94532982261641,-45.0203931088018,47.897034368071,-8.13288329823689,,
6.94532982261641,-45.3501138668851,48.2043642333276,-7.92680782443485,,
6.94532982261641,-45.6798346249684,49.1263538290977,-7.18493611874751,,
6.94532982261641,-46.0095553830516,49.4336836943544,-6.93764555018506,,
6.94532982261641,-46.3392761411349,49.6641810932969,-6.77278517114343,,
6.94532982261641,-46.6689968992182,50.5093382227529,-6.19577384449772,,
6.94532982261641,-46.9987176573014,50.8166680880095,-6.03091346545609,,
6.94532982261641,-47.3284384153847,51.0471654869521,-5.86605308641446,,
6.94532982261641,-47.6581591734679,51.892322616408,-5.37147194928957,,
6.94532982261641,-47.9878799315512,52.1996524816647,-5.20661157024794,,
6.94532982261641,-48.3176006896345,53.1216420774348,-4.71203043312304,,
6.94532982261641,-48.6473214477177,53.4289719426915,-4.54717005408141,,
6.94532982261641,-48.977042205801,53.659469341634,-4.38230967503978,,
6.94532982261641,-49.2243327743634,54.5046264710899,-4.05258891695652,,
7.09899475524476,-51.7796686495087,54.8119563363466,-3.88772853791489,,
7.09899475524476,-52.109389407592,55.0424537352891,-3.80529834839407,,
7.09899475524476,-52.4391101656752,55.7339459321167,-3.55800777983162,,
7.09899475524476,-52.7688309237585,56.0412757973734,-3.39314740078999,,
7.09899475524476,-53.0985516818418,56.34860566263,-3.22828702174836,,
7.09899475524476,-53.428272439925,57.1169303257718,-2.98099645318591,,
7.09899475524476,-53.7579931980083,57.4242601910285,-2.8985662636651,,
7.09899475524476,-54.0877139560916,57.654757589971,-2.81613607414428,,
7.09899475524476,-54.4174347141748,58.3462497867986,-2.56884550558184,,
7.09899475524476,-54.7471554722581,58.6535796520553,-2.40398512654021,,
7.09899475524476,-55.0768762303413,58.960909517312,-2.40398512654021,,
7.09899475524476,-55.4065969884246,59.7292341804537,-2.07426436845694,,
7.09899475524476,-55.7363177465079,60.0365640457104,-2.07426436845694,,
7.09899475524476,-56.0660385045911,60.3438939109671,-1.90940398941531,,
7.09899475524476,-56.3957592626744,61.1122185741088,-1.74454361037368,,
7.09899475524476,-56.7254800207577,61.4195484393655,-1.66211342085287,,
7.09899475524476,-57.0552007788409,61.650045838308,-1.57968323133205,,
7.09899475524476,-57.3849215369242,62.3415380351356,-1.41482285229042,,
7.09899475524476,-57.7146422950074,62.6488679003923,-1.41482285229042,,
7.09899475524476,-58.0443630530907,62.956197765649,-1.24996247324879,,
7.09899475524476,-58.374083811174,63.7245224287907,-1.08510209420716,,
7.09899475524476,-58.7038045692572,64.0318522940474,-1.08510209420716,,
7.09899475524476,-59.0335253273405,64.2623496929899,-1.08510209420716,,
7.09899475524476,-59.3632460854238,65.0306743561317,-0.920241715165526,,
7.09899475524476,-59.692966843507,65.4148366877026,-0.755381336123895,,
7.2526596878731,-40.0745817375529,65.6453340866451,-0.755381336123895,,
7.2526596878731,-40.4043024956362,66.490491216101,-0.590520957082264,,
7.2526596878731,-40.7340232537194,66.7978210813577,-0.590520957082264,,
7.2526596878731,-41.0637440118027,67.0283184803002,-0.590520957082264,,
7.2526596878731,-41.393464769886,,,,
7.2526596878731,-41.7231855279692,67.7198106771278,-0.425660578040633,,
7.2526596878731,-42.0529062860525,68.0271405423844,-0.425660578040633,,
7.2526596878731,-42.3826270441357,68.257637941327,-0.425660578040633,,
7.2526596878731,-42.712347802219,68.9491301381545,-0.260800198999002,,
7.2526596878731,-43.0420685603023,69.2564600034112,-0.260800198999002,,
7.2526596878731,-43.3717893183855,69.5637898686679,-0.260800198999002,,
7.2526596878731,-43.7015100764688,70.3321145318097,-0.0959398199573709,,
7.2526596878731,-44.0312308345521,70.6394443970663,-0.0959398199573709,,
7.2526596878731,-44.3609515926353,70.946774262323,-0.0959398199573709,,
7.2526596878731,-44.6906723507186,,,,
7.2526596878731,-45.0203931088018,,,,
7.2526596878731,-45.3501138668851,,,,
7.2526596878731,-45.6798346249684,,,,
7.2526596878731,-46.0095553830516,,,,
7.40632462050145,-35.7882118824705,,,,
7.40632462050145,-36.1179326405538,,,,
7.40632462050145,-36.447653398637,,,,
7.40632462050145,-36.7773741567203,,,,
7.40632462050145,-37.1070949148036,,,,
7.40632462050145,-37.4368156728868,,,,
7.40632462050145,-37.7665364309701,,,,
7.40632462050145,-38.0962571890533,,,,
7.40632462050145,-38.4259779471366,,,,
7.5599895531298,-32.8207250597211,,,,
7.5599895531298,-33.1504458178044,,,,
7.5599895531298,-33.4801665758877,,,,
7.5599895531298,-33.8098873339709,,,,
7.5599895531298,-34.1396080920542,,,,
7.5599895531298,-34.4693288501375,,,,
7.5599895531298,-34.7166194186999,,,,
7.71365448575815,-30.6775401321799,,,,
7.71365448575815,-30.9248307007424,,,,
7.71365448575815,-31.3369816483465,,,,
7.71365448575815,-31.6667024064297,,,,
7.71365448575815,-31.9139929749922,,,,
7.86731941838649,-28.864075962722,,,,
7.86731941838649,-29.1937967208053,,,,
7.86731941838649,-29.5235174788885,,,,
7.86731941838649,-29.770808047451,,,,
8.02098435101484,-27.545192930389,,,,
8.02098435101484,-27.8749136884722,,,,
8.02098435101484,-28.2046344465555,,,,
8.17464928364319,-26.3911702770975,,,,
8.17464928364319,-26.7208910351808,,,,
8.17464928364319,-26.9681816037432,,,,
8.32831421627153,-25.4020080028477,,,,
8.32831421627153,-25.731728760931,,,,
8.48197914889988,-24.5777061076396,,,,
8.48197914889988,-24.824996676202,,,,
8.63564408152823,-23.7534042124314,,,,
8.63564408152823,-24.0006947809939,,,,
8.78930901415658,-23.0939626962649,,,,
8.78930901415658,-23.3412532648274,,,,
8.94297394678492,-22.59938155914,,,,
9.09663887941327,-22.1048004220151,,,,
9.25030381204162,-21.6102192848902,,,,
9.40396874466996,-21.1980683372862,,,,
9.55763367729831,-20.8683475792029,,,,
9.78813107624083,-20.4561966315988,,,,
10.0954609414975,-20.1264758735156,,,,
10.4027908067542,-19.8791853049531,,,,
10.9406180709534,-19.8791853049531,,,,
11.4016128688385,-20.2089060630364,,,,
11.632110267781,-20.6210570106404,,,,
11.8626076667235,-21.0332079582445,,,,
12.0162725993519,-21.4453589058486,,,,
12.1699375319802,-21.8575098534527,,,,
12.3236024646086,-22.2696608010568,,,,
12.3236024646086,-22.5169513696192,,,,
12.4772673972369,-22.9291023172233,,,,
12.6309323298653,-23.4236834543482,,,,
12.6309323298653,-23.6709740229106,,,,
12.7845972624936,-24.2479853495563,,,,
12.7845972624936,-24.4952759181188,,,,
12.938262195122,-24.9074268657229,,,,
12.938262195122,-25.2371476238061,,,,
13.0919271277503,-25.8965891399726,,,,
13.0919271277503,-26.2263098980559,,,,
13.0919271277503,-26.4736004666183,,,,
13.2455920603786,-27.0506117932641,,,,
13.2455920603786,-27.3803325513473,,,,
13.2455920603786,-27.6276231199098,,,,
13.399256993007,-28.3694948255971,,,,
13.399256993007,-28.6992155836804,,,,
13.399256993007,-29.0289363417636,,,,
13.5529219256353,-29.8532382369718,,,,
13.5529219256353,-30.182958995055,,,,
13.5529219256353,-30.5126797531383,,,,
13.5529219256353,-30.8424005112216,,,,
13.5529219256353,-31.089691079784,,,,
13.7065868582637,-31.8315627854714,,,,
13.7065868582637,-32.1612835435546,,,,
13.7065868582637,-32.4910043016379,,,,
13.7065868582637,-32.8207250597211,,,,
13.7065868582637,-33.1504458178044,,,,
13.7065868582637,-33.3977363863669,,,,
13.860251790892,-34.4693288501375,,,,
13.860251790892,-34.7990496082207,,,,
13.860251790892,-35.128770366304,,,,
13.860251790892,-35.4584911243872,,,,
13.860251790892,-35.7882118824705,,,,
13.860251790892,-36.1179326405538,,,,
13.860251790892,-36.447653398637,,,,
14.0139167235204,-37.9313968100117,,,,
14.0139167235204,-38.261117568095,,,,
14.0139167235204,-38.5908383261782,,,,
14.0139167235204,-38.9205590842615,,,,
14.0139167235204,-39.2502798423448,,,,
14.0139167235204,-39.580000600428,,,,
14.0139167235204,-39.9097213585113,,,,
14.0139167235204,-40.2394421165945,,,,
14.0139167235204,-40.5691628746778,,,,
14.0139167235204,-40.8988836327611,,,,
14.0139167235204,-41.2286043908443,,,,
14.0139167235204,-41.5583251489276,,,,
14.0139167235204,-41.80561571749,,,,
14.2444141224629,-44.3609515926353,,,,
14.2444141224629,-44.6906723507186,,,,
14.2444141224629,-45.0203931088018,,,,
14.2444141224629,-45.3501138668851,,,,
14.2444141224629,-45.6798346249684,,,,
14.2444141224629,-46.0095553830516,,,,
14.2444141224629,-46.3392761411349,,,,
14.2444141224629,-46.6689968992182,,,,
14.2444141224629,-46.9987176573014,,,,
14.2444141224629,-47.3284384153847,,,,
14.2444141224629,-47.6581591734679,,,,
14.2444141224629,-47.9878799315512,,,,
14.2444141224629,-48.3176006896345,,,,
14.2444141224629,-48.6473214477177,,,,
14.2444141224629,-48.977042205801,,,,
14.2444141224629,-49.3067629638843,,,,
14.2444141224629,-49.6364837219675,,,,
14.2444141224629,-49.9662044800508,,,,
14.2444141224629,-50.295925238134,,,,
14.2444141224629,-50.6256459962173,,,,
14.2444141224629,-50.9553667543006,,,,
14.2444141224629,-51.2850875123838,,,,
14.2444141224629,-51.6148082704671,,,,
14.2444141224629,-51.9445290285504,,,,
14.2444141224629,-52.2742497866336,,,,
14.2444141224629,-52.6039705447169,,,,
14.2444141224629,-52.9336913028001,,,,
14.2444141224629,-53.2634120608834,,,,
14.2444141224629,-53.5931328189667,,,,
14.2444141224629,-53.9228535770499,,,,
14.2444141224629,-54.2525743351332,,,,
14.2444141224629,-54.5822950932164,,,,
14.2444141224629,-54.9120158512997,,,,
14.2444141224629,-55.241736609383,,,,
14.2444141224629,-55.5714573674662,,,,
14.2444141224629,-55.9011781255495,,,,
14.2444141224629,-56.2308988836328,,,,
14.2444141224629,-56.560619641716,,,,
14.2444141224629,-56.8903403997993,,,,
14.2444141224629,-57.2200611578825,,,,
14.2444141224629,-57.5497819159658,,,,
14.2444141224629,-57.8795026740491,,,,
14.2444141224629,-58.2092234321323,,,,
14.2444141224629,-58.5389441902156,,,,
14.2444141224629,-58.8686649482989,,,,
14.2444141224629,-59.1983857063821,,,,
14.2444141224629,-59.5281064644654,,,,
14.2444141224629,-59.7753970330278,,,,
14.4749115214054,-37.9313968100117,,,,
14.4749115214054,-38.261117568095,,,,
14.4749115214054,-38.5908383261782,,,,
14.4749115214054,-38.9205590842615,,,,
14.4749115214054,-39.2502798423448,,,,
14.4749115214054,-39.580000600428,,,,
14.4749115214054,-39.9097213585113,,,,
14.4749115214054,-40.2394421165945,,,,
14.4749115214054,-40.5691628746778,,,,
14.4749115214054,-40.8988836327611,,,,
14.4749115214054,-41.2286043908443,,,,
14.4749115214054,-41.5583251489276,,,,
14.4749115214054,-41.80561571749,,,,
14.6285764540338,-34.3044684710958,,,,
14.6285764540338,-34.6341892291791,,,,
14.6285764540338,-34.9639099872624,,,,
14.6285764540338,-35.2936307453456,,,,
14.6285764540338,-35.6233515034289,,,,
14.6285764540338,-35.9530722615121,,,,
14.6285764540338,-36.2827930195954,,,,
14.6285764540338,-36.5300835881578,,,,
14.7822413866621,-31.6667024064297,,,,
14.7822413866621,-31.996423164513,,,,
14.7822413866621,-32.3261439225963,,,,
14.7822413866621,-32.6558646806795,,,,
14.7822413866621,-32.9855854387628,,,,
14.7822413866621,-33.2328760073252,,,,
14.9359063192905,-29.8532382369718,,,,
14.9359063192905,-30.182958995055,,,,
14.9359063192905,-30.5126797531383,,,,
14.9359063192905,-30.8424005112216,,,,
15.0895712519188,-28.2046344465555,,,,
15.0895712519188,-28.5343552046387,,,,
15.0895712519188,-28.864075962722,,,,
15.0895712519188,-29.1113665312844,,,,
15.2432361845472,-27.0506117932641,,,,
15.2432361845472,-27.3803325513473,,,,
15.2432361845472,-27.6276231199098,,,,
15.3969011171755,-25.8965891399726,,,,
15.3969011171755,-26.2263098980559,,,,
15.5505660498039,-24.824996676202,,,,
15.5505660498039,-25.2371476238061,,,,
15.7042309824322,-24.0831249705147,,,,
15.7042309824322,-24.412845728598,,,,
15.8578959150606,-23.4236834543482,,,,
15.8578959150606,-23.6709740229106,,,,
16.0115608476889,-22.9291023172233,,,,
16.1652257803172,-22.2696608010568,,,,
16.3188907129456,-21.8575098534527,,,,
16.4725556455739,-21.4453589058486,,,,
16.6262205782023,-21.0332079582445,,,,
16.8567179771448,-20.6210570106404,,,,
17.1640478424015,-20.1264758735156,,,,
17.5482101739724,-19.8791853049531,,,,
18.0860374381716,-19.8791853049531,,,,
18.3933673034283,-20.1264758735156,,,,
18.700697168685,-20.4561966315988,,,,
18.9311945676275,-20.8683475792029,,,,
19.0848595002558,-21.1980683372862,,,,
19.2385244328842,-21.5277890953694,,,,
19.3921893655125,-22.1048004220151,,,,
19.5458542981409,-22.59938155914,,,,
19.6995192307692,-23.0939626962649,,,,
19.6995192307692,-23.3412532648274,,,,
19.8531841633976,-23.7534042124314,,,,
19.8531841633976,-24.0006947809939,,,,
20.0068490960259,-24.412845728598,,,,
20.0068490960259,-24.7425664866812,,,,
20.1605140286543,-25.4020080028477,,,,
20.1605140286543,-25.731728760931,,,,
20.3141789612826,-26.3911702770975,,,,
20.3141789612826,-26.7208910351808,,,,
20.3141789612826,-26.9681816037432,,,,
20.467843893911,-27.545192930389,,,,
20.467843893911,-27.8749136884722,,,,
20.467843893911,-28.2046344465555,,,,
20.6215088265393,-28.864075962722,,,,
20.6215088265393,-29.1937967208053,,,,
20.6215088265393,-29.5235174788885,,,,
20.6215088265393,-29.8532382369718,,,,
20.7751737591677,-30.6775401321799,,,,
20.7751737591677,-31.0072608902632,,,,
20.7751737591677,-31.3369816483465,,,,
20.7751737591677,-31.6667024064297,,,,
20.7751737591677,-31.996423164513,,,,
20.928838691796,-32.9855854387628,,,,
20.928838691796,-33.315306196846,,,,
20.928838691796,-33.6450269549293,,,,
20.928838691796,-33.9747477130126,,,,
20.928838691796,-34.3044684710958,,,,
20.928838691796,-34.6341892291791,,,,
21.0825036244244,-35.7882118824705,,,,
21.0825036244244,-36.1179326405538,,,,
21.0825036244244,-36.447653398637,,,,
21.0825036244244,-36.7773741567203,,,,
21.0825036244244,-37.1070949148036,,,,
21.0825036244244,-37.4368156728868,,,,
21.0825036244244,-37.7665364309701,,,,
21.0825036244244,-38.0962571890533,,,,
21.0825036244244,-38.4259779471366,,,,
21.2361685570527,-40.0745817375529,,,,
21.2361685570527,-40.4043024956362,,,,
21.2361685570527,-40.7340232537194,,,,
21.2361685570527,-41.0637440118027,,,,
21.5434984223094,-40.8988836327611,,,,
21.5434984223094,-41.1461742013235,,,,
21.6971633549377,-36.2827930195954,,,,
21.6971633549377,-36.6125137776787,,,,
21.6971633549377,-36.9422345357619,,,,
21.6971633549377,-37.2719552938452,,,,
21.6971633549377,-37.6016760519284,,,,
21.6971633549377,-37.9313968100117,,,,
21.6971633549377,-38.261117568095,,,,
21.6971633549377,-38.5908383261782,,,,
21.6971633549377,-38.9205590842615,,,,
21.6971633549377,-39.1678496528239,,,,
21.8508282875661,-33.1504458178044,,,,
21.8508282875661,-33.4801665758877,,,,
21.8508282875661,-33.8098873339709,,,,
21.8508282875661,-34.1396080920542,,,,
21.8508282875661,-34.4693288501375,,,,
21.8508282875661,-34.7990496082207,,,,
21.8508282875661,-35.0463401767832,,,,
22.0044932201944,-30.8424005112216,,,,
22.0044932201944,-31.1721212693048,,,,
22.0044932201944,-31.6667024064297,,,,
22.0044932201944,-31.996423164513,,,,
22.1581581528228,-29.0289363417636,,,,
22.1581581528228,-29.3586570998469,,,,
22.1581581528228,-29.6883778579302,,,,
22.1581581528228,-30.0180986160134,,,,
22.3118230854511,-27.7100533094306,,,,
22.3118230854511,-28.0397740675138,,,,
22.3118230854511,-28.3694948255971,,,,
22.4654880180795,-26.5560306561392,,,,
22.4654880180795,-26.8857514142224,,,,
22.4654880180795,-27.1330419827849,,,,
22.6191529507078,-25.5668683818894,,,,
22.6191529507078,-25.8965891399726,,,,
22.7728178833362,-24.5777061076396,,,,
22.7728178833362,-24.9074268657229,,,,
22.9264828159645,-23.9182645914731,,,,
22.9264828159645,-24.1655551600355,,,,
23.0801477485929,-23.2588230753065,,,,
23.2338126812212,-22.59938155914,,,,
23.3874776138496,-22.1872306115359,,,,
23.5411425464779,-21.6102192848902,,,,
23.6948074791063,-21.280498526807,,,,
23.8484724117346,-20.8683475792029,,,,
24.002137344363,-20.6210570106404,,,,
24.2326347433055,-20.2913362525572,,,,
24.5399646085622,-19.9616154944739,,,,
24.7704620075047,-19.8791853049531,,,,
25.2314568053897,-19.8791853049531,,,,
25.6924516032748,-20.2089060630364,,,,
25.9997814685315,-20.7034872001613,,,,
26.1534464011598,-21.0332079582445,,,,
26.3071113337882,-21.3629287163278,,,,
26.4607762664165,-21.7750796639319,,,,
26.6144411990449,-22.2696608010568,,,,
26.7681061316732,-22.7642419381816,,,,
26.7681061316732,-23.0115325067441,,,,
26.9217710643016,-23.4236834543482,,,,
26.9217710643016,-23.6709740229106,,,,
27.0754359969299,-24.0831249705147,,,,
27.0754359969299,-24.3304155390771,,,,
27.2291009295582,-24.9074268657229,,,,
27.2291009295582,-25.2371476238061,,,,
27.3827658621866,-25.731728760931,,,,
27.3827658621866,-26.0614495190143,,,,
27.3827658621866,-26.3087400875767,,,,
27.5364307948149,-26.8857514142224,,,,
27.5364307948149,-27.2154721723057,,,,
27.5364307948149,-27.4627627408681,,,,
27.6900957274433,-28.2046344465555,,,,
27.6900957274433,-28.5343552046387,,,,
27.6900957274433,-28.864075962722,,,,
27.8437606600716,-29.6883778579302,,,,
27.8437606600716,-30.0180986160134,,,,
27.8437606600716,-30.3478193740967,,,,
27.8437606600716,-30.6775401321799,,,,
27.9974255927,-31.6667024064297,,,,
27.9974255927,-31.996423164513,,,,
27.9974255927,-32.3261439225963,,,,
27.9974255927,-32.6558646806795,,,,
27.9974255927,-32.9855854387628,,,,
28.1510905253283,-34.1396080920542,,,,
28.1510905253283,-34.4693288501375,,,,
28.1510905253283,-34.7990496082207,,,,
28.1510905253283,-35.128770366304,,,,
28.1510905253283,-35.4584911243872,,,,
28.1510905253283,-35.7882118824705,,,,
28.1510905253283,-36.1179326405538,,,,
28.3047554579567,-37.4368156728868,,,,
28.3047554579567,-37.7665364309701,,,,
28.3047554579567,-38.0962571890533,,,,
28.3047554579567,-38.4259779471366,,,,
28.3047554579567,-38.7556987052199,,,,
28.3047554579567,-39.0854194633031,,,,
28.3047554579567,-39.4151402213864,,,,
28.3047554579567,-39.7448609794697,,,,
28.3047554579567,-40.0745817375529,,,,
28.3047554579567,-40.4043024956362,,,,
28.3047554579567,-40.7340232537194,,,,
28.3047554579567,-40.9813138222819,,,,
28.7657502558417,-38.4259779471366,,,,
28.7657502558417,-38.7556987052199,,,,
28.7657502558417,-39.0854194633031,,,,
28.7657502558417,-39.4151402213864,,,,
28.7657502558417,-39.7448609794697,,,,
28.7657502558417,-40.0745817375529,,,,
28.7657502558417,-40.4043024956362,,,,
28.7657502558417,-40.7340232537194,,,,
28.7657502558417,-41.0637440118027,,,,
28.9194151884701,-34.7990496082207,,,,
28.9194151884701,-35.128770366304,,,,
28.9194151884701,-35.4584911243872,,,,
28.9194151884701,-35.7882118824705,,,,
28.9194151884701,-36.1179326405538,,,,
28.9194151884701,-36.447653398637,,,,
28.9194151884701,-36.7773741567203,,,,
28.9194151884701,-37.0246647252827,,,,
29.0730801210984,-32.1612835435546,,,,
29.0730801210984,-32.4910043016379,,,,
29.0730801210984,-32.8207250597211,,,,
29.0730801210984,-33.1504458178044,,,,
29.0730801210984,-33.4801665758877,,,,
29.0730801210984,-33.7274571444501,,,,
29.2267450537268,-30.0180986160134,,,,
29.2267450537268,-30.3478193740967,,,,
29.2267450537268,-30.6775401321799,,,,
29.2267450537268,-31.0072608902632,,,,
29.3804099863551,-28.3694948255971,,,,
29.3804099863551,-28.6992155836804,,,,
29.3804099863551,-29.0289363417636,,,,
29.3804099863551,-29.2762269103261,,,,
29.5340749189835,-27.0506117932641,,,,
29.5340749189835,-27.3803325513473,,,,
29.5340749189835,-27.7100533094306,,,,
29.6877398516118,-26.0614495190143,,,,
29.6877398516118,-26.3911702770975,,,,
29.8414047842401,-25.2371476238061,,,,
29.8414047842401,-25.4844381923686,,,,
29.9950697168685,-24.2479853495563,,,,
29.9950697168685,-24.4952759181188,,,,
30.1487346494968,-23.5885438333898,,,,
30.1487346494968,-23.8358344019522,,,,
30.3023995821252,-22.9291023172233,,,,
30.3023995821252,-23.1763928857857,,,,
30.4560645147535,-22.4345211800984,,,,
30.6097294473819,-21.8575098534527,,,,
30.7633943800102,-21.4453589058486,,,,
30.9170593126386,-21.1156381477653,,,,
31.0707242452669,-20.7859173896821,,,,
31.2243891778953,-20.5386268211196,,,,
31.4548865768378,-20.1264758735156,,,,
31.9158813747228,-19.8791853049531,,,,
32.3768761726079,-19.8791853049531,,,,
32.6842060378646,-20.1264758735156,,,,
32.9915359031213,-20.4561966315988,,,,
33.2220333020638,-20.8683475792029,,,,
33.3756982346921,-21.1980683372862,,,,
33.5293631673205,-21.5277890953694,,,,
33.6830280999488,-21.9399400429735,,,,
33.8366930325772,-22.4345211800984,,,,
33.8366930325772,-22.6818117486608,,,,
33.9903579652055,-23.0939626962649,,,,
34.1440228978339,-23.7534042124314,,,,
34.1440228978339,-24.0006947809939,,,,
34.2976878304622,-24.412845728598,,,,
34.2976878304622,-24.7425664866812,,,,
34.4513527630906,-25.2371476238061,,,,
34.4513527630906,-25.5668683818894,,,,
34.6050176957189,-26.2263098980559,,,,
34.6050176957189,-26.5560306561392,,,,
34.6050176957189,-26.8033212247016,,,,
34.7586826283473,-27.3803325513473,,,,
34.7586826283473,-27.7100533094306,,,,
34.7586826283473,-28.0397740675138,,,,
34.9123475609756,-28.6992155836804,,,,
34.9123475609756,-29.0289363417636,,,,
34.9123475609756,-29.3586570998469,,,,
34.9123475609756,-29.6059476684093,,,,
35.066012493604,-30.5126797531383,,,,
35.066012493604,-30.8424005112216,,,,
35.066012493604,-31.1721212693048,,,,
35.066012493604,-31.5018420273881,,,,
35.066012493604,-31.7491325959505,,,,
35.2196774262323,-32.6558646806795,,,,
35.2196774262323,-32.9855854387628,,,,
35.2196774262323,-33.315306196846,,,,
35.2196774262323,-33.6450269549293,,,,
35.2196774262323,-33.9747477130126,,,,
35.2196774262323,-34.3044684710958,,,,
35.3733423588607,-35.4584911243872,,,,
35.3733423588607,-35.7882118824705,,,,
35.3733423588607,-36.1179326405538,,,,
35.3733423588607,-36.447653398637,,,,
35.3733423588607,-36.7773741567203,,,,
35.3733423588607,-37.1070949148036,,,,
35.3733423588607,-37.4368156728868,,,,
35.3733423588607,-37.7665364309701,,,,
35.3733423588607,-38.0138269995325,,,,
35.527007291489,-39.580000600428,,,,
35.527007291489,-39.9097213585113,,,,
35.527007291489,-40.2394421165945,,,,
35.527007291489,-40.5691628746778,,,,
35.527007291489,-40.8988836327611,,,,
35.527007291489,-41.1461742013235,,,,
35.6806722241173,-59.3632460854238,,,,
35.6806722241173,-59.692966843507,,,,
35.988002089374,-36.6125137776787,,,,
35.988002089374,-36.9422345357619,,,,
35.988002089374,-37.2719552938452,,,,
35.988002089374,-37.6016760519284,,,,
35.988002089374,-37.9313968100117,,,,
35.988002089374,-38.261117568095,,,,
35.988002089374,-38.5908383261782,,,,
35.988002089374,-38.9205590842615,,,,
35.988002089374,-39.2502798423448,,,,
35.988002089374,-39.580000600428,,,,
36.1416670220024,-33.4801665758877,,,,
36.1416670220024,-33.8098873339709,,,,
36.1416670220024,-34.1396080920542,,,,
36.1416670220024,-34.4693288501375,,,,
36.1416670220024,-34.7990496082207,,,,
36.1416670220024,-35.128770366304,,,,
36.1416670220024,-35.3760609348664,,,,
36.2953319546307,-31.1721212693048,,,,
36.2953319546307,-31.6667024064297,,,,
36.2953319546307,-31.996423164513,,,,
36.2953319546307,-32.3261439225963,,,,
36.4489968872591,-29.3586570998469,,,,
36.4489968872591,-29.6883778579302,,,,
36.4489968872591,-30.0180986160134,,,,
36.4489968872591,-30.2653891845759,,,,
36.6026618198874,-27.8749136884722,,,,
36.6026618198874,-28.2046344465555,,,,
36.6026618198874,-28.5343552046387,,,,
36.7563267525158,-26.5560306561392,,,,
36.7563267525158,-26.8857514142224,,,,
36.7563267525158,-27.1330419827849,,,,
36.9099916851441,-25.5668683818894,,,,
36.9099916851441,-25.8965891399726,,,,
37.0636566177725,-24.7425664866812,,,,
37.0636566177725,-25.0722872447645,,,,
37.2173215504008,-23.9182645914731,,,,
37.2173215504008,-24.1655551600355,,,,
37.3709864830292,-23.2588230753065,,,,
37.3709864830292,-23.506113643869,,,,
37.5246514156575,-22.59938155914,,,,
37.5246514156575,-22.8466721277025,,,,
37.6783163482859,-22.1872306115359,,,,
37.8319812809142,-21.692649474411,,,,
37.9856462135426,-21.280498526807,,,,
38.1393111461709,-20.9507777687237,,,,
38.2929760787992,-20.7034872001613,,,,
38.5234734777418,-20.2913362525572,,,,
38.8308033429985,-19.9616154944739,,,,
39.061300741941,-19.8791853049531,,,,
39.522295539826,-19.8791853049531,,,,
40.0601228040252,-20.2913362525572,,,,
40.2906202029678,-20.7034872001613,,,,
40.4442851355961,-21.0332079582445,,,,
40.5979500682245,-21.3629287163278,,,,
40.7516150008528,-21.7750796639319,,,,
40.9052799334812,-22.2696608010568,,,,
41.0589448661095,-22.7642419381816,,,,
41.2126097987378,-23.4236834543482,,,,
41.3662747313662,-24.0831249705147,,,,
41.3662747313662,-24.3304155390771,,,,
41.5199396639945,-24.7425664866812,,,,
41.5199396639945,-25.0722872447645,,,,
41.6736045966229,-25.731728760931,,,,
41.6736045966229,-26.0614495190143,,,,
41.8272695292512,-26.7208910351808,,,,
41.8272695292512,-27.0506117932641,,,,
41.8272695292512,-27.2979023618265,,,,
41.9809344618796,-28.0397740675138,,,,
41.9809344618796,-28.3694948255971,,,,
41.9809344618796,-28.6992155836804,,,,
42.1345993945079,-29.5235174788885,,,,
42.1345993945079,-29.8532382369718,,,,
42.1345993945079,-30.182958995055,,,,
42.1345993945079,-30.4302495636175,,,,
42.2882643271363,-31.3369816483465,,,,
42.2882643271363,-31.6667024064297,,,,
42.2882643271363,-31.996423164513,,,,
42.2882643271363,-32.3261439225963,,,,
42.2882643271363,-32.6558646806795,,,,
42.4419292597646,-33.8098873339709,,,,
42.4419292597646,-34.1396080920542,,,,
42.4419292597646,-34.4693288501375,,,,
42.4419292597646,-34.7990496082207,,,,
42.4419292597646,-35.128770366304,,,,
42.4419292597646,-35.4584911243872,,,,
42.4419292597646,-35.7057816929497,,,,
42.595594192393,-37.1070949148036,,,,
42.595594192393,-37.4368156728868,,,,
42.595594192393,-37.7665364309701,,,,
42.595594192393,-38.0962571890533,,,,
42.595594192393,-38.4259779471366,,,,
42.595594192393,-38.7556987052199,,,,
42.595594192393,-39.0854194633031,,,,
42.595594192393,-39.4151402213864,,,,
42.595594192393,-39.7448609794697,,,,
42.595594192393,-40.0745817375529,,,,
42.595594192393,-40.3218723061154,,,,
42.9029240576497,-59.3632460854238,,,,
42.9029240576497,-59.692966843507,,,,
43.056588990278,-39.0854194633031,,,,
43.056588990278,-39.4151402213864,,,,
43.056588990278,-39.7448609794697,,,,
43.056588990278,-40.0745817375529,,,,
43.056588990278,-40.4043024956362,,,,
43.056588990278,-40.7340232537194,,,,
43.056588990278,-41.0637440118027,,,,
43.2102539229064,-35.128770366304,,,,
43.2102539229064,-35.4584911243872,,,,
43.2102539229064,-35.7882118824705,,,,
43.2102539229064,-36.1179326405538,,,,
43.2102539229064,-36.447653398637,,,,
43.2102539229064,-36.7773741567203,,,,
43.2102539229064,-37.1070949148036,,,,
43.2102539229064,-37.4368156728868,,,,
43.3639188555347,-32.3261439225963,,,,
43.3639188555347,-32.6558646806795,,,,
43.3639188555347,-32.9855854387628,,,,
43.3639188555347,-33.315306196846,,,,
43.3639188555347,-33.6450269549293,,,,
43.3639188555347,-33.9747477130126,,,,
43.5175837881631,-30.182958995055,,,,
43.5175837881631,-30.5126797531383,,,,
43.5175837881631,-30.8424005112216,,,,
43.5175837881631,-31.1721212693048,,,,
43.5175837881631,-31.4194118378673,,,,
43.6712487207914,-28.5343552046387,,,,
43.6712487207914,-28.864075962722,,,,
43.6712487207914,-29.1937967208053,,,,
43.6712487207914,-29.4410872893677,,,,
43.8249136534198,-27.2154721723057,,,,
43.8249136534198,-27.545192930389,,,,
43.8249136534198,-27.8749136884722,,,,
43.9785785860481,-26.2263098980559,,,,
43.9785785860481,-26.5560306561392,,,,
44.1322435186764,-25.4020080028477,,,,
44.1322435186764,-25.6492985714102,,,,
44.2859084513048,-24.412845728598,,,,
44.2859084513048,-24.6601362971604,,,,
44.4395733839331,-23.5885438333898,,,,
44.4395733839331,-23.8358344019522,,,,
44.5932383165615,-22.9291023172233,,,,
44.5932383165615,-23.1763928857857,,,,
44.7469032491898,-22.4345211800984,,,,
44.9005681818182,-21.8575098534527,,,,
45.0542331144465,-21.5277890953694,,,,
45.2078980470749,-21.1156381477653,,,,
45.3615629797032,-20.8683475792029,,,,
45.5920603786457,-20.4561966315988,,,,
46.2067201091591,-19.8791853049531,,,,
46.6677149070442,-19.8791853049531,,,,
46.8982123059867,-20.0440456839947,,,,
47.2823746375576,-20.4561966315988,,,,
47.5128720365001,-20.8683475792029,,,,
47.6665369691284,-21.1980683372862,,,,
47.8202019017568,-21.5277890953694,,,,
47.9738668343851,-21.9399400429735,,,,
48.1275317670135,-22.4345211800984,,,,
48.2811966996418,-22.9291023172233,,,,
48.2811966996418,-23.1763928857857,,,,
48.4348616322702,-23.5885438333898,,,,
48.4348616322702,-23.8358344019522,,,,
48.5885265648985,-24.412845728598,,,,
48.5885265648985,-24.6601362971604,,,,
48.7421914975269,-25.0722872447645,,,,
48.7421914975269,-25.4020080028477,,,,
48.7421914975269,-25.6492985714102,,,,
48.8958564301552,-26.0614495190143,,,,
48.8958564301552,-26.3911702770975,,,,
48.8958564301552,-26.63846084566,,,,
49.0495213627836,-27.2154721723057,,,,
49.0495213627836,-27.545192930389,,,,
49.0495213627836,-27.8749136884722,,,,
49.2031862954119,-28.5343552046387,,,,
49.2031862954119,-28.864075962722,,,,
49.2031862954119,-29.1937967208053,,,,
49.2031862954119,-29.4410872893677,,,,
49.3568512280403,-30.182958995055,,,,
49.3568512280403,-30.5126797531383,,,,
49.3568512280403,-30.8424005112216,,,,
49.3568512280403,-31.1721212693048,,,,
49.3568512280403,-31.4194118378673,,,,
49.5105161606686,-32.3261439225963,,,,
49.5105161606686,-32.6558646806795,,,,
49.5105161606686,-32.9855854387628,,,,
49.5105161606686,-33.315306196846,,,,
49.5105161606686,-33.6450269549293,,,,
49.5105161606686,-33.9747477130126,,,,
49.6641810932969,-35.128770366304,,,,
49.6641810932969,-35.4584911243872,,,,
49.6641810932969,-35.7882118824705,,,,
49.6641810932969,-36.1179326405538,,,,
49.6641810932969,-36.447653398637,,,,
49.6641810932969,-36.7773741567203,,,,
49.6641810932969,-37.1070949148036,,,,
49.6641810932969,-37.4368156728868,,,,
49.8178460259253,-38.9205590842615,,,,
49.8178460259253,-39.2502798423448,,,,
49.8178460259253,-39.580000600428,,,,
49.8178460259253,-39.9097213585113,,,,
49.8178460259253,-40.2394421165945,,,,
49.8178460259253,-40.5691628746778,,,,
49.8178460259253,-40.8988836327611,,,,
49.8178460259253,-41.1461742013235,,,,
49.9715109585536,-59.3632460854238,,,,
49.9715109585536,-59.692966843507,,,,
50.2788408238103,-37.1070949148036,,,,
50.2788408238103,-37.4368156728868,,,,
50.2788408238103,-37.7665364309701,,,,
50.2788408238103,-38.0962571890533,,,,
50.2788408238103,-38.4259779471366,,,,
50.2788408238103,-38.7556987052199,,,,
50.2788408238103,-39.0854194633031,,,,
50.2788408238103,-39.4151402213864,,,,
50.2788408238103,-39.7448609794697,,,,
50.2788408238103,-40.0745817375529,,,,
50.2788408238103,-40.4043024956362,,,,
50.4325057564387,-33.8098873339709,,,,
50.4325057564387,-34.1396080920542,,,,
50.4325057564387,-34.4693288501375,,,,
50.4325057564387,-34.7990496082207,,,,
50.4325057564387,-35.128770366304,,,,
50.4325057564387,-35.4584911243872,,,,
50.4325057564387,-35.7882118824705,,,,
50.586170689067,-31.3369816483465,,,,
50.586170689067,-31.6667024064297,,,,
50.586170689067,-31.996423164513,,,,
50.586170689067,-32.3261439225963,,,,
50.586170689067,-32.6558646806795,,,,
50.7398356216954,-29.5235174788885,,,,
50.7398356216954,-29.8532382369718,,,,
50.7398356216954,-30.182958995055,,,,
50.7398356216954,-30.4302495636175,,,,
50.8935005543237,-28.0397740675138,,,,
50.8935005543237,-28.3694948255971,,,,
50.8935005543237,-28.6992155836804,,,,
51.0471654869521,-26.7208910351808,,,,
51.0471654869521,-27.0506117932641,,,,
51.0471654869521,-27.2979023618265,,,,
51.2008304195804,-25.731728760931,,,,
51.2008304195804,-26.0614495190143,,,,
51.3544953522088,-24.7425664866812,,,,
51.3544953522088,-25.1547174342853,,,,
51.5081602848371,-24.0831249705147,,,,
51.5081602848371,-24.3304155390771,,,,
51.6618252174655,-23.2588230753065,,,,
51.6618252174655,-23.506113643869,,,,
51.8154901500938,-22.7642419381816,,,,
51.9691550827221,-22.2696608010568,,,,
52.1228200153505,-21.7750796639319,,,,
52.2764849479789,-21.3629287163278,,,,
52.4301498806072,-21.0332079582445,,,,
52.5838148132355,-20.7034872001613,,,,
52.8143122121781,-20.2913362525572,,,,
53.0448096111206,-20.0440456839947,,,,
53.3521394763773,-19.8791853049531,,,,
53.8899667405765,-19.8791853049531,,,,
54.3509615384615,-20.2913362525572,,,,
54.5814589374041,-20.7034872001613,,,,
54.7351238700324,-20.9507777687237,,,,
54.8887888026608,-21.280498526807,,,,
55.0424537352891,-21.692649474411,,,,
55.1961186679174,-22.1048004220151,,,,
55.3497836005458,-22.7642419381816,,,,
55.5034485331741,-23.2588230753065,,,,
55.5034485331741,-23.506113643869,,,,
55.6571134658025,-23.9182645914731,,,,
55.6571134658025,-24.1655551600355,,,,
55.8107783984308,-24.7425664866812,,,,
55.8107783984308,-24.9898570552437,,,,
55.9644433310592,-25.5668683818894,,,,
55.9644433310592,-25.8965891399726,,,,
56.1181082636875,-26.5560306561392,,,,
56.1181082636875,-26.8857514142224,,,,
56.1181082636875,-27.1330419827849,,,,
56.2717731963159,-27.8749136884722,,,,
56.2717731963159,-28.2046344465555,,,,
56.2717731963159,-28.5343552046387,,,,
56.4254381289442,-29.1937967208053,,,,
56.4254381289442,-29.5235174788885,,,,
56.4254381289442,-29.8532382369718,,,,
56.4254381289442,-30.182958995055,,,,
56.5791030615726,-31.0072608902632,,,,
56.5791030615726,-31.3369816483465,,,,
56.5791030615726,-31.6667024064297,,,,
56.5791030615726,-31.996423164513,,,,
56.5791030615726,-32.3261439225963,,,,
56.7327679942009,-33.4801665758877,,,,
56.7327679942009,-33.8098873339709,,,,
56.7327679942009,-34.1396080920542,,,,
56.7327679942009,-34.4693288501375,,,,
56.7327679942009,-34.7990496082207,,,,
56.7327679942009,-35.128770366304,,,,
56.7327679942009,-35.3760609348664,,,,
56.8864329268293,-36.6125137776787,,,,
56.8864329268293,-36.9422345357619,,,,
56.8864329268293,-37.2719552938452,,,,
56.8864329268293,-37.6016760519284,,,,
56.8864329268293,-37.9313968100117,,,,
56.8864329268293,-38.261117568095,,,,
56.8864329268293,-38.5908383261782,,,,
56.8864329268293,-38.9205590842615,,,,
56.8864329268293,-39.2502798423448,,,,
56.8864329268293,-39.580000600428,,,,
57.193762792086,-59.3632460854238,,,,
57.193762792086,-59.692966843507,,,,
57.3474277247143,-39.580000600428,,,,
57.3474277247143,-39.9097213585113,,,,
57.3474277247143,-40.2394421165945,,,,
57.3474277247143,-40.5691628746778,,,,
57.3474277247143,-40.8988836327611,,,,
57.3474277247143,-41.1461742013235,,,,
57.5010926573426,-35.4584911243872,,,,
57.5010926573426,-35.7882118824705,,,,
57.5010926573426,-36.1179326405538,,,,
57.5010926573426,-36.447653398637,,,,
57.5010926573426,-36.7773741567203,,,,
57.5010926573426,-37.1070949148036,,,,
57.5010926573426,-37.4368156728868,,,,
57.5010926573426,-37.7665364309701,,,,
57.5010926573426,-38.0138269995325,,,,
57.654757589971,-32.6558646806795,,,,
57.654757589971,-32.9855854387628,,,,
57.654757589971,-33.315306196846,,,,
57.654757589971,-33.6450269549293,,,,
57.654757589971,-33.9747477130126,,,,
57.654757589971,-34.3044684710958,,,,
57.8084225225994,-30.5126797531383,,,,
57.8084225225994,-30.8424005112216,,,,
57.8084225225994,-31.1721212693048,,,,
57.8084225225994,-31.6667024064297,,,,
57.9620874552277,-28.6992155836804,,,,
57.9620874552277,-29.0289363417636,,,,
57.9620874552277,-29.3586570998469,,,,
57.9620874552277,-29.6059476684093,,,,
58.115752387856,-27.3803325513473,,,,
58.115752387856,-27.7100533094306,,,,
58.115752387856,-28.0397740675138,,,,
58.2694173204844,-26.2263098980559,,,,
58.2694173204844,-26.5560306561392,,,,
58.2694173204844,-26.8033212247016,,,,
58.4230822531127,-25.2371476238061,,,,
58.4230822531127,-25.5668683818894,,,,
58.5767471857411,-24.412845728598,,,,
58.5767471857411,-24.6601362971604,,,,
58.7304121183694,-23.7534042124314,,,,
58.7304121183694,-24.0006947809939,,,,
58.8840770509978,-23.0939626962649,,,,
59.0377419836261,-22.4345211800984,,,,
59.0377419836261,-22.6818117486608,,,,
59.3450718488828,-21.6102192848902,,,,
59.4987367815112,-21.1980683372862,,,,
59.6524017141395,-20.8683475792029,,,,
59.882899113082,-20.4561966315988,,,,
60.1902289783387,-20.1264758735156,,,,
60.4975588435954,-19.8791853049531,,,,
61.0353861077946,-19.8791853049531,,,,
61.650045838308,-20.5386268211196,,,,
61.8037107709364,-20.7859173896821,,,,
61.9573757035647,-21.1156381477653,,,,
62.1110406361931,-21.4453589058486,,,,
62.2647055688214,-21.9399400429735,,,,
62.4183705014498,-22.4345211800984,,,,
62.5720354340781,-22.9291023172233,,,,
62.7257003667065,-23.5885438333898,,,,
62.7257003667065,-23.8358344019522,,,,
62.8793652993348,-24.2479853495563,,,,
62.8793652993348,-24.4952759181188,,,,
63.0330302319631,-25.0722872447645,,,,
63.0330302319631,-25.4020080028477,,,,
63.1866951645915,-26.0614495190143,,,,
63.1866951645915,-26.3911702770975,,,,
63.3403600972199,-27.0506117932641,,,,
63.3403600972199,-27.3803325513473,,,,
63.3403600972199,-27.7100533094306,,,,
63.4940250298482,-28.3694948255971,,,,
63.4940250298482,-28.6992155836804,,,,
63.4940250298482,-29.0289363417636,,,,
63.4940250298482,-29.2762269103261,,,,
63.6476899624765,-30.0180986160134,,,,
63.6476899624765,-30.3478193740967,,,,
63.6476899624765,-30.6775401321799,,,,
63.6476899624765,-31.0072608902632,,,,
63.6476899624765,-31.2545514588256,,,,
63.8013548951049,-32.1612835435546,,,,
63.8013548951049,-32.4910043016379,,,,
63.8013548951049,-32.8207250597211,,,,
63.8013548951049,-33.1504458178044,,,,
63.8013548951049,-33.4801665758877,,,,
63.8013548951049,-33.7274571444501,,,,
63.9550198277332,-34.6341892291791,,,,
63.9550198277332,-34.9639099872624,,,,
63.9550198277332,-35.2936307453456,,,,
63.9550198277332,-35.6233515034289,,,,
63.9550198277332,-35.9530722615121,,,,
63.9550198277332,-36.2827930195954,,,,
63.9550198277332,-36.6125137776787,,,,
63.9550198277332,-36.8598043462411,,,,
64.1086847603616,-38.261117568095,,,,
64.1086847603616,-38.5908383261782,,,,
64.1086847603616,-38.9205590842615,,,,
64.1086847603616,-39.2502798423448,,,,
64.1086847603616,-39.580000600428,,,,
64.1086847603616,-39.9097213585113,,,,
64.1086847603616,-40.2394421165945,,,,
64.1086847603616,-40.5691628746778,,,,
64.1086847603616,-40.8988836327611,,,,
64.1086847603616,-41.1461742013235,,,,
64.2623496929899,-59.3632460854238,,,,
64.2623496929899,-59.692966843507,,,,
64.5696795582466,-37.6016760519284,,,,
64.5696795582466,-37.9313968100117,,,,
64.5696795582466,-38.261117568095,,,,
64.5696795582466,-38.5908383261782,,,,
64.5696795582466,-38.9205590842615,,,,
64.5696795582466,-39.2502798423448,,,,
64.5696795582466,-39.580000600428,,,,
64.5696795582466,-39.9097213585113,,,,
64.5696795582466,-40.2394421165945,,,,
64.5696795582466,-40.5691628746778,,,,
64.5696795582466,-40.8988836327611,,,,
64.5696795582466,-41.1461742013235,,,,
64.723344490875,-34.1396080920542,,,,
64.723344490875,-34.4693288501375,,,,
64.723344490875,-34.7990496082207,,,,
64.723344490875,-35.128770366304,,,,
64.723344490875,-35.4584911243872,,,,
64.723344490875,-35.7882118824705,,,,
64.723344490875,-36.1179326405538,,,,
64.8770094235033,-31.5018420273881,,,,
64.8770094235033,-31.8315627854714,,,,
64.8770094235033,-32.1612835435546,,,,
64.8770094235033,-32.4910043016379,,,,
64.8770094235033,-32.8207250597211,,,,
64.8770094235033,-33.0680156282836,,,,
65.0306743561317,-29.6883778579302,,,,
65.0306743561317,-30.0180986160134,,,,
65.0306743561317,-30.3478193740967,,,,
65.0306743561317,-30.6775401321799,,,,
65.18433928876,-28.2046344465555,,,,
65.18433928876,-28.5343552046387,,,,
65.18433928876,-28.864075962722,,,,
65.3380042213884,-26.8857514142224,,,,
65.3380042213884,-27.2154721723057,,,,
65.3380042213884,-27.4627627408681,,,,
65.4916691540167,-25.731728760931,,,,
65.4916691540167,-26.0614495190143,,,,
65.4916691540167,-26.3087400875767,,,,
65.6453340866451,-24.9074268657229,,,,
65.6453340866451,-25.2371476238061,,,,
65.7989990192734,-24.0831249705147,,,,
65.7989990192734,-24.3304155390771,,,,
65.9526639519017,-23.4236834543482,,,,
65.9526639519017,-23.6709740229106,,,,
66.1063288845301,-22.7642419381816,,,,
66.1063288845301,-23.0115325067441,,,,
66.2599938171584,-22.2696608010568,,,,
66.4136587497868,-21.7750796639319,,,,
66.5673236824152,-21.3629287163278,,,,
66.7209886150435,-21.0332079582445,,,,
66.951486013986,-20.6210570106404,,,,
67.2588158792427,-20.1264758735156,,,,
67.6429782108136,-19.8791853049531,,,,
68.1808054750128,-19.8791853049531,,,,
68.4881353402695,-20.1264758735156,,,,
68.718632739212,-20.373766442078,,,,
68.8722976718404,-20.6210570106404,,,,
69.0259626044687,-20.8683475792029,,,,
69.1796275370971,-21.280498526807,,,,
69.3332924697254,-21.6102192848902,,,,
69.4869574023537,-22.1048004220151,,,,
69.6406223349821,-22.59938155914,,,,
69.7942872676104,-23.2588230753065,,,,
69.9479522002388,-23.7534042124314,,,,
69.9479522002388,-24.0831249705147,,,,
70.1016171328671,-24.5777061076396,,,,
70.1016171328671,-24.9074268657229,,,,
70.2552820654955,-25.5668683818894,,,,
70.2552820654955,-25.8141589504518,,,,
70.4089469981238,-26.5560306561392,,,,
70.4089469981238,-26.8857514142224,,,,
70.5626119307522,-27.7100533094306,,,,
70.5626119307522,-28.0397740675138,,,,
70.5626119307522,-28.3694948255971,,,,
70.7162768633805,-29.0289363417636,,,,
70.7162768633805,-29.3586570998469,,,,
70.7162768633805,-29.6883778579302,,,,
70.7162768633805,-30.0180986160134,,,,
70.8699417960089,-31.0072608902632,,,,
70.8699417960089,-31.3369816483465,,,,
70.8699417960089,-31.6667024064297,,,,
70.8699417960089,-31.996423164513,,,,
70.8699417960089,-32.2437137330754,,,,
71.0236067286372,-33.1504458178044,,,,
71.0236067286372,-33.4801665758877,,,,
71.0236067286372,-33.8098873339709,,,,
71.0236067286372,-34.1396080920542,,,,
71.0236067286372,-34.4693288501375,,,,
71.0236067286372,-34.7990496082207,,,,
71.0236067286372,-35.0463401767832,,,,
71.1772716612656,-36.1179326405538,,,,
71.1772716612656,-36.447653398637,,,,
71.1772716612656,-36.7773741567203,,,,
71.1772716612656,-37.1070949148036,,,,
71.1772716612656,-37.4368156728868,,,,
71.1772716612656,-37.7665364309701,,,,
71.1772716612656,-38.0962571890533,,,,
71.1772716612656,-38.4259779471366,,,,
71.1772716612656,-38.7556987052199,,,,
71.3309365938939,-40.5691628746778,,,,
71.3309365938939,-40.8988836327611,,,,
71.3309365938939,-41.2286043908443,,,,
71.3309365938939,-41.5583251489276,,,,
71.3309365938939,-41.8880459070109,,,,
71.3309365938939,-42.2177666650941,,,,
71.3309365938939,-42.5474874231774,,,,
71.3309365938939,-42.8772081812606,,,,
71.3309365938939,-43.2069289393439,,,,
71.3309365938939,-43.5366496974272,,,,
71.3309365938939,-43.8663704555104,,,,
71.3309365938939,-44.1960912135937,,,,
71.3309365938939,-44.525811971677,,,,
71.3309365938939,-44.8555327297602,,,,
71.3309365938939,-45.1852534878435,,,,
71.3309365938939,-45.5149742459267,,,,
71.3309365938939,-45.84469500401,,,,
71.3309365938939,-46.1744157620933,,,,
71.3309365938939,-46.5041365201765,,,,
71.3309365938939,-46.8338572782598,,,,
71.3309365938939,-47.1635780363431,,,,
71.3309365938939,-47.4932987944263,,,,
71.3309365938939,-47.8230195525096,,,,
71.3309365938939,-48.1527403105928,,,,
71.3309365938939,-48.4824610686761,,,,
71.4846015265223,-56.0660385045911,,,,
71.4846015265223,-56.3957592626744,,,,
71.4846015265223,-56.7254800207577,,,,
71.4846015265223,-57.0552007788409,,,,
71.4846015265223,-57.3849215369242,,,,
71.4846015265223,-57.7146422950074,,,,
71.4846015265223,-58.0443630530907,,,,
71.4846015265223,-58.374083811174,,,,
71.4846015265223,-58.7038045692572,,,,
71.4846015265223,-59.0335253273405,,,,
71.4846015265223,-59.3632460854238,,,,
71.4846015265223,-59.692966843507,,,,
